Sequence ID;V-GENE and allele;AA JUNCTION;SUBSET;V-REGION
AT-01-0071-H1_2;Homsap IGHV3-21*01 F;CVSDRNAMDVW;2;
AT-01-0116-H1_2;Homsap IGHV3-21*01 F;CVIDTNGMDVW;2;
AT-01-0162-H1_2;Homsap IGHV3-21*01 F;CTRDANTMDVW;2;
CZ-01-0037-H1_2;Homsap IGHV3-21*01 F;CASDKNGMDVW;2;
CZ-01-0089-H1_2;Homsap IGHV3-30*15 F;CARDYYGMDVW;2;
CZ-01-0105-H1_2;Homsap IGHV3-21*01 F;CVMDRNAMDVW;2;
CZ-01-0129-H1_2;Homsap IGHV3-21*01 F;CARDQNDMDVW;2;
CZ-01-0149-H1_2;Homsap IGHV3-21*01 F;CARDQTAMDVW;2;
CZ-01-0291-H1_2;Homsap IGHV3-21*01 F;CAGDRSGMDVW;2;
CZ-01-0295-H1_2;Homsap IGHV3-21*01 F;CVRDADGMDVW;2;
CZ-01-0324-H1_2;Homsap IGHV3-21*01 F;CARDQNGMDVW;2;
CZ-01-0325-H1_2;Homsap IGHV3-21*01 F;CAGDRNGMDVW;2;
CZ-01-0422-H1_2;Homsap IGHV3-21*01 F;CATDQNAMDVW;2;
CZ-01-0444-H1_2;Homsap IGHV3-21*01 F;CARDADAMDVW;2;
CZ-01-0458-H1_2;Homsap IGHV3-21*02 F;CARDENGVDVW;2;
CZ-01-0530-H1_2;Homsap IGHV3-21*01 F;CARDANGMDVW;2;
CZ-01-0542-H1_2;Homsap IGHV3-21*01 F;CSGDRNAMDVW;2;
CZ-01-0545-H1_2;Homsap IGHV3-21*01 F;CARDANGMDVW;2;
CZ-01-0553-H1_2;Homsap IGHV3-21*01 F, or Homsap IGHV3-21*02 F;CARDQNGMDVW;2;
CZ-01-0590-H2_2;Homsap IGHV3-21*01 F;CARDTDGMDVW;2;
CZ-01-0615-H1_2;Homsap IGHV3-21*01 F;CASDRTGMDVW;2;
CZ-01-0626-H1_2;Homsap IGHV3-21*01 F;CARDQNGMDVW;2;
CZ-01-0718-H1_2;Homsap IGHV3-21*01 F;CARDANGMDVW;2;
CZ-01-0753-H1_2;Homsap IGHV3-7*03 F;CARGHYGMDVW;2;
CZ-01-0779-H1_2;Homsap IGHV3-21*01 F;CVRDQNGMDVW;2;
CZ-01-0864-H1_2;Homsap IGHV3-21*01 F;CARDRNGMDVW;2;
CZ-01-0891-H1_2;Homsap IGHV3-21*01 F;CVGDRNGMDVW;2;
CZ-01-1019-H1_2;Homsap IGHV3-21*01 F;CARDANGMDVW;2;
CZ-01-1062-H1_2;Homsap IGHV3-21*02 F;CARDGNGMDVW;2;
CZ-01-1069-H1_2;Homsap IGHV3-21*01 F;CARDANGMDVW;2;
CZ-01-1105-H1_2;Homsap IGHV3-21*01 F;CATDRNGMDVW;2;
CZ-01-1112-H1_2;Homsap IGHV3-21*01 F;CARDANAMDVW;2;
CZ-01-1148-H1_2;Homsap IGHV3-21*01 F;CARDANGMDVW;2;
CZ-01-1156-H1_2;Homsap IGHV3-21*01 F;CARDANGMDVW;2;
CZ-01-1181-H1_2;Homsap IGHV3-21*01 F;CASDRNGMDVW;2;
CZ-01-1261-H1_2;Homsap IGHV3-21*01 F;CARDANGMDVW;2;
CZ-01-1377-H1_2;Homsap IGHV3-21*01 F;CARDQNGMDVW;2;
DE-01-0032-H1_2;Homsap IGHV3-21*01 F, or Homsap IGHV3-21*02 F;CARDANGMDVW;2;
DE-01-0047-H1_2;Homsap IGHV3-21*01 F, or Homsap IGHV3-21*02 F;CARDANTMDVW;2;
DE-01-0078-H1_2;Homsap IGHV3-21*01 F, or Homsap IGHV3-21*02 F;CAGDKNGMDVW;2;
DE-01-0093-H1_2;Homsap IGHV3-21*01 F, or Homsap IGHV3-21*02 F;CAKDGNGMDVW;2;
DE-01-0148-H1_2;Homsap IGHV3-21*01 F, or Homsap IGHV3-21*02 F;CARDANGMDVW;2;
DE-01-0186-H1_2;Homsap IGHV3-21*01 F, or Homsap IGHV3-21*02 F (see comment);CARDANGMDVW;2;
DE-01-0197-H1_2;Homsap IGHV3-21*01 F, or Homsap IGHV3-21*02 F;CARDSNGMDVW;2;
DE-01-0305-H1_2;Homsap IGHV3-21*01 F, or Homsap IGHV3-21*02 F;CARDHNGMDVW;2;
DE-01-0334-H1_2;Homsap IGHV3-21*01 F, or Homsap IGHV3-21*02 F;CARDANGMDVW;2;
DE-01-0356-H1_2;Homsap IGHV3-21*01 F, or Homsap IGHV3-21*02 F;CARDANGMDVW;2;
DE-01-0363-H1_2;Homsap IGHV3-21*01 F, or Homsap IGHV3-21*02 F;CARDRNGMDVW;2;
DE-01-0378-H1_2;Homsap IGHV3-21*01 F, or Homsap IGHV3-21*02 F;CARDANGMDVW;2;
DE-01-0380-H1_2;Homsap IGHV3-21*01 F, or Homsap IGHV3-21*02 F;CARDQHTMDVW;2;
DE-01-0405-H1_2;Homsap IGHV3-21*01 F, or Homsap IGHV3-21*02 F;CARDANGMDVW;2;
DE-01-0487-H1_2;Homsap IGHV3-21*01 F, or Homsap IGHV3-21*02 F;CASDRDAMDVW;2;
DE-01-0516-H1_2;Homsap IGHV3-21*01 F, or Homsap IGHV3-21*02 F;CATDRNAMDVW;2;
DE-01-0518-H1_2;Homsap IGHV3-21*01 F, or Homsap IGHV3-21*02 F;CARDANGMDVW;2;
DE-02-0038-H1_2;Homsap IGHV3-21*01 F, or Homsap IGHV3-21*02 F;CATDANGMDVW;2;
DE-02-0080-H1_2;Homsap IGHV3-21*01 F, or Homsap IGHV3-21*02 F;CARDQNAMDVW;2;
DE-02-0111-H1_2;Homsap IGHV3-21*01 F, or Homsap IGHV3-21*02 F;CARDANGMDVW;2;
DE-02-0212-H1_2;Homsap IGHV3-21*01 F, or Homsap IGHV3-21*02 F;CATDRNGMDVW;2;
DE-02-0217-H1_2;Homsap IGHV3-21*01 F, or Homsap IGHV3-21*02 F;CARDANGMDVW;2;
DE-02-0223-H1_2;Homsap IGHV3-21*01 F, or Homsap IGHV3-21*02 F;CAKDQNTMDVW;2;
DE-02-0225-H1_2;Homsap IGHV3-21*01 F;CARDASAMDVW;2;
DE-02-0234-H1_2;Homsap IGHV3-21*01 F, or Homsap IGHV3-21*02 F;CAADRSGMDVW;2;
DE-02-0300-H1_2;Homsap IGHV3-21*01 F, or Homsap IGHV3-21*02 F;CSRDANAMDVW;2;
DE-02-0396-H1_2;Homsap IGHV3-21*01 F, or Homsap IGHV3-21*02 F;CARDQNAMDVW;2;
DE-02-0422-H1_2;Homsap IGHV3-21*01 F, or Homsap IGHV3-21*02 F;CARDANGMDVW;2;
DE-02-0424-H1_2;Homsap IGHV3-21*01 F, or Homsap IGHV3-21*02 F;CARDQNAMDVW;2;
DE-02-0426-H1_2;Homsap IGHV3-21*01 F, or Homsap IGHV3-21*02 F;CARDANDLDVW;2;
DE-02-0518-H1_2;Homsap IGHV3-21*01 F, or Homsap IGHV3-21*02 F;CARDANGMDVW;2;
DE-02-0529-H1_2;Homsap IGHV3-21*01 F, or Homsap IGHV3-21*02 F;CARDQSGMGDW;2;
DE-02-0545-H1_2;Homsap IGHV3-21*01 F;CARDQDGMDVW;2;
DE-02-0566-H1_2;Homsap IGHV3-21*01 F, or Homsap IGHV3-21*02 F;CARDMNGMDVW;2;
DE-02-0568-H1_2;Homsap IGHV3-21*01 F, or Homsap IGHV3-21*02 F;CARDGDGMDVW;2;
DE-02-0592-H1_2;Homsap IGHV3-21*01 F, or Homsap IGHV3-21*02 F;CARDANGMDAW;2;
DE-02-0618-H1_2;Homsap IGHV3-21*01 F;CATDRNGMDVW;2;
DE-02-0635-H1_2;Homsap IGHV3-21*01 F, or Homsap IGHV3-21*02 F;CARDQNGMDVW;2;
DE-02-0710-H1_2;Homsap IGHV3-21*01 F, or Homsap IGHV3-21*02 F;CARDANGMDVW;2;
DE-02-0719-H1_2;Homsap IGHV3-21*01 F, or Homsap IGHV3-21*02 F;CATDRSGMDVW;2;
DE-02-0759-H1_2;Homsap IGHV3-21*01 F;CARDGNSMDVW;2;
DE-02-0809-H1_2;Homsap IGHV3-21*01 F, or Homsap IGHV3-21*02 F;CARDQNAMDVW;2;
DE-02-0848-H1_2;Homsap IGHV3-21*01 F, or Homsap IGHV3-21*02 F;CATDRNAMDVW;2;
DE-02-0872-H1_2;Homsap IGHV3-21*01 F;CARDQNGMDVW;2;
DE-02-0879-H1_2;Homsap IGHV3-21*01 F;CARDALGMDAW;2;
DE-02-0947-H1_2;Homsap IGHV3-21*01 F, or Homsap IGHV3-21*02 F;CARDGNGMDVW;2;
DE-02-0971-H1_2;Homsap IGHV3-21*01 F, or Homsap IGHV3-21*02 F;CARDRNGMDVW;2;
DE-02-1109-H1_2;Homsap IGHV3-21*01 F, or Homsap IGHV3-21*02 F;CARDANAMDVW;2;
DE-02-1134-H1_2;Homsap IGHV3-21*01 F, or Homsap IGHV3-21*02 F;CARDANGMDVW;2;
DE-02-1137-H1_2;Homsap IGHV3-21*01 F;CARDANVMDVW;2;
DE-02-1179-H1_2;Homsap IGHV3-21*01 F, or Homsap IGHV3-21*02 F;CARDQNAMDVW;2;
DE-02-1221-H1_2;Homsap IGHV3-21*01 F, or Homsap IGHV3-21*02 F;CASDRDGMDVW;2;
DE-02-1224-H1_2;Homsap IGHV3-21*01 F, or Homsap IGHV3-21*02 F;CACDRSGMDVW;2;
DE-02-1291-H1_2;Homsap IGHV3-21*01 F, or Homsap IGHV3-21*02 F;CARDRNGMDVW;2;
DE-02-1322-H1_2;Homsap IGHV3-21*01 F, or Homsap IGHV3-21*02 F;CARDRNGMDVW;2;
DE-02-1325-H1_2;Homsap IGHV3-21*01 F, or Homsap IGHV3-21*02 F;CARDQNAMDVW;2;
DE-02-1410-H1_2;Homsap IGHV3-21*01 F, or Homsap IGHV3-21*02 F;CARDANGMDVW;2;
DE-02-1416-H1_2;Homsap IGHV3-21*01 F, or Homsap IGHV3-21*02 F;CARGENAMDVW;2;
DE-02-1422-H1_2;Homsap IGHV3-21*01 F, or Homsap IGHV3-21*02 F;CARDQNDMDVW;2;
DE-02-1605-H1_2;Homsap IGHV3-21*01 F;CARDQNAMDVW;2;
DE-02-1616-H1_2;Homsap IGHV3-21*01 F, or Homsap IGHV3-21*02 F;CASDRTGMDVW;2;
DE-02-1617-H1_2;Homsap IGHV3-21*01 F, or Homsap IGHV3-21*02 F;CARDQNNMDVW;2;
DE-02-1631-H1_2;Homsap IGHV3-21*01 F, or Homsap IGHV3-21*02 F;CARDANGMDVW;2;
DE-02-1655-H1_2;Homsap IGHV3-21*01 F, or Homsap IGHV3-21*02 F;CASDRTGMDVW;2;
DE-02-1685-H1_2;Homsap IGHV3-21*01 F, or Homsap IGHV3-21*02 F;CAVDRDGMDVW;2;
DE-02-1694-H1_2;Homsap IGHV3-21*01 F, or Homsap IGHV3-21*02 F;CARDLNAIDVW;2;
DE-02-1695-H1_2;Homsap IGHV3-21*01 F, or Homsap IGHV3-21*02 F;CARDLNGMDVW;2;
DE-02-1746-H1_2;Homsap IGHV3-21*01 F;CARDANGMDVW;2;
DE-02-1747-H1_2;Homsap IGHV3-21*01 F;CARDANGMDVW;2;
DE-02-1773-H1_2;Homsap IGHV3-21*01 F, or Homsap IGHV3-21*02 F;CARDANGMDVW;2;
DE-02-1779-H1_2;Homsap IGHV3-21*01 F, or Homsap IGHV3-21*02 F;CARDQNGMDVW;2;
DE-02-1792-H1_2;Homsap IGHV3-21*01 F, or Homsap IGHV3-21*02 F;CARDQNAMDVW;2;
DE-02-1805-H1_2;Homsap IGHV3-21*01 F, or Homsap IGHV3-21*02 F;CAGDRNGMDVW;2;
DE-02-1814-H1_2;Homsap IGHV3-21*01 F, or Homsap IGHV3-21*02 F;CATDRNGMDVW;2;
DE-02-1834-H1_2;Homsap IGHV3-48*03 F;CARSYYGMDVW;2;
DE-02-1841-H1_2;Homsap IGHV3-21*01 F;CARDGNGMDVW;2;
DE-02-1925-H1_2;Homsap IGHV3-21*01 F;CAKDQTSMDVW;2;
DE-02-1947-H1_2;Homsap IGHV3-21*01 F;CARDLNGMDVW;2;
DE-02-1951-H1_2;Homsap IGHV3-21*01 F, or Homsap IGHV3-21*02 F;CAGDRNGLDVW;2;
DE-02-1964-H1_2;Homsap IGHV3-21*01 F;CARDLNGMDVW;2;
DE-02-1987-H1_2;Homsap IGHV3-21*01 F, or Homsap IGHV3-21*02 F;CATDRNGMDVW;2;
DE-02-2106-H1_2;Homsap IGHV3-21*01 F;CVRDVNAMDVW;2;
DE-02-2165-H1_2;Homsap IGHV3-21*01 F, or Homsap IGHV3-21*02 F;CATDRNGMDVW;2;
DE-02-2181-H1_2;Homsap IGHV3-21*01 F;CARDMNGMDVW;2;
DE-02-2203-H1_2;Homsap IGHV3-21*01 F, or Homsap IGHV3-21*02 F;CARDANGMDVW;2;
DE-02-2280-H1_2;Homsap IGHV3-21*01 F, or Homsap IGHV3-21*02 F;CATHRTGMDVW;2;
DE-02-2287-H1_2;Homsap IGHV3-21*01 F, or Homsap IGHV3-21*02 F;CARDDNSMDVW;2;
DE-02-2393-H1_2;Homsap IGHV3-21*01 F, or Homsap IGHV3-21*02 F;CARDANGMDVW;2;
DE-02-2417-H1_2;Homsap IGHV3-21*01 F, or Homsap IGHV3-21*02 F;CARDQNAMDVW;2;
DE-02-2479-H1_2;Homsap IGHV3-21*01 F, or Homsap IGHV3-21*02 F;CASDRNGMDVW;2;
DE-02-2487-H1_2;Homsap IGHV3-21*01 F, or Homsap IGHV3-21*02 F;CTRERNGMDVW;2;
DE-02-2518-H1_2;Homsap IGHV3-21*01 F, or Homsap IGHV3-21*02 F;CATDRTAMDVW;2;
DE-02-2526-H1_2;Homsap IGHV3-21*01 F, or Homsap IGHV3-21*02 F;CARDANAMDVW;2;
DE-02-2560-H1_2;Homsap IGHV3-21*01 F, or Homsap IGHV3-21*02 F;CATDRNGMDVW;2;
DE-02-2573-H1_2;Homsap IGHV3-21*01 F;CASDRNGMDVW;2;
DE-02-2638-H1_2;Homsap IGHV3-21*01 F, or Homsap IGHV3-21*02 F;CALDRNAMDVW;2;
DE-02-2675-H1_2;Homsap IGHV3-21*01 F, or Homsap IGHV3-21*02 F;CARDQNAMDVW;2;
DE-02-2692-H1_2;Homsap IGHV3-21*01 F;CAADQNGMDVW;2;
DE-02-2703-H1_2;Homsap IGHV3-21*01 F, or Homsap IGHV3-21*02 F;CASDRNGMDVW;2;
DE-02-2743-H1_2;Homsap IGHV3-21*01 F;CATDRNGMDVW;2;
DE-02-2766-H1_2;Homsap IGHV3-21*01 F;CATDRNGMDVW;2;
DE-02-2767-H1_2;Homsap IGHV3-21*01 F;CATDRDGMDVW;2;
DE-02-2794-H1_2;Homsap IGHV3-21*01 F, or Homsap IGHV3-21*02 F;CARDQNGMDVW;2;
DE-02-2815-H1_2;Homsap IGHV3-21*01 F, or Homsap IGHV3-21*02 F;CARDANGMDVW;2;
DE-02-2818-H1_2;Homsap IGHV3-21*01 F, or Homsap IGHV3-21*02 F;CARDQSAMDVW;2;
DE-02-2894-H1_2;Homsap IGHV3-21*01 F, or Homsap IGHV3-21*02 F;CATDRNGMDVW;2;
DE-02-2902-H1_2;Homsap IGHV3-21*01 F, or Homsap IGHV3-21*02 F;CARDANGMDVW;2;
DE-02-2917-H1_2;Homsap IGHV3-21*01 F;CARDQNSMDVW;2;
DE-02-2925-H1_2;Homsap IGHV3-21*01 F;CARDANGMDVW;2;
DE-02-2940-H1_2;Homsap IGHV3-21*01 F;CATDRNGMDVW;2;
DE-02-2969-H1_2;Homsap IGHV3-21*01 F, or Homsap IGHV3-21*02 F;CTSDRNGMDVW;2;
DE-02-3021-H1_2;Homsap IGHV3-21*01 F;CARDTNAMDVW;2;
DE-02-3022-H1_2;Homsap IGHV3-21*01 F;CARDLNGMDVW;2;
DE-02-3155-H1_2;Homsap IGHV3-21*01 F, or Homsap IGHV3-21*02 F;CARDANAMDVW;2;
DE-02-3168-H1_2;Homsap IGHV3-21*01 F, or Homsap IGHV3-21*02 F;CARDQNVMDVW;2;
DE-02-3174-H1_2;Homsap IGHV3-21*01 F, or Homsap IGHV3-21*02 F;CATDRNGMDVW;2;
DE-02-3180-H1_2;Homsap IGHV3-21*01 F;CARDANGMDVW;2;
DE-02-3188-H1_2;Homsap IGHV3-21*01 F;CARDQNAMDVW;2;
DE-02-3230-H1_2;Homsap IGHV3-53*01 F;CARGSGGMDVW;2;
DE-02-3280-H1_2;Homsap IGHV3-21*01 F, or Homsap IGHV3-21*02 F;CARDANDMDVW;2;
DE-02-3291-H1_2;Homsap IGHV3-21*01 F;CARDANAMDVW;2;
DE-02-3294-H1_2;Homsap IGHV3-21*01 F;CARDGNVMDVW;2;
DE-02-3300-H1_2;Homsap IGHV3-21*01 F;CVTDRDGMDVW;2;
DE-02-3352-H1_2;Homsap IGHV3-21*01 F;CARDANGMDVW;2;
DE-02-3373-H1_2;Homsap IGHV3-21*01 F, or Homsap IGHV3-21*02 F;CARDQNDMDVW;2;
DE-02-3382-H1_2;Homsap IGHV3-21*01 F;CARDRNGMDVW;2;
DE-02-3450-H1_2;Homsap IGHV3-21*01 F, or Homsap IGHV3-21*02 F;CAVDSNGMDVW;2;
DE-02-3492-H1_2;Homsap IGHV3-21*01 F;CARDANGMDVW;2;
DE-02-3574-H1_2;Homsap IGHV3-21*01 F;CARDANGMDVW;2;
DE-02-3583-H1_2;Homsap IGHV3-21*01 F, or Homsap IGHV3-21*02 F;CARDGNGMDVW;2;
DE-02-3595-H1_2;Homsap IGHV3-21*01 F;CARDQNAMDVW;2;
DE-02-3604-H1_2;Homsap IGHV3-21*02 F;CARDANVMDVW;2;
DE-02-3609-H1_2;Homsap IGHV3-21*01 F;CARDSNGMDVW;2;
DE-02-3628-H1_2;Homsap IGHV3-21*01 F, or Homsap IGHV3-21*02 F;CARDANGMDVW;2;
DE-02-3647-H1_2;Homsap IGHV3-21*01 F, or Homsap IGHV3-21*02 F;CARDANGMDVW;2;
DE-02-3763-H1_2;Homsap IGHV3-21*01 F, or Homsap IGHV3-21*02 F;CARDGNAMDVW;2;
DE-02-3823-H1_2;Homsap IGHV3-21*01 F, or Homsap IGHV3-21*02 F;CARDLNAMDVW;2;
DE-02-3831-H1_2;Homsap IGHV3-21*01 F, or Homsap IGHV3-21*02 F;CARDENGMDVW;2;
DE-02-3842-H1_2;Homsap IGHV3-21*01 F, or Homsap IGHV3-21*02 F;CARDANGMDVW;2;
DE-02-3849-H1_2;Homsap IGHV3-21*01 F;CARDANAMDVW;2;
DE-02-3897-H1_2;Homsap IGHV3-21*02 F;CAMDRHGMDVW;2;
DE-02-3907-H1_2;Homsap IGHV3-21*01 F;CARDQNAMDVW;2;
DE-02-3926-H1_2;Homsap IGHV3-21*01 F, or Homsap IGHV3-21*02 F;CARDANAMDVW;2;
DE-02-3933-H1_2;Homsap IGHV3-21*02 F;CVRDRDAMDVW;2;
DE-02-3973-H1_2;Homsap IGHV3-21*01 F, or Homsap IGHV3-21*02 F;CARDRNDMDVW;2;
DE-02-4034-H1_2;Homsap IGHV3-21*01 F, or Homsap IGHV3-21*02 F;CARDQTAMDVW;2;
DE-02-4060-H1_2;Homsap IGHV3-21*01 F, or Homsap IGHV3-21*02 F;CARDQNAMDVW;2;
DE-02-4069-H1_2;Homsap IGHV3-21*01 F;CARDQNGMDVW;2;
DE-02-4075-H1_2;Homsap IGHV3-21*01 F, or Homsap IGHV3-21*02 F;CARDRNGMDVW;2;
DE-02-4120-H1_2;Homsap IGHV3-21*01 F, or Homsap IGHV3-21*02 F;CARDQNGMDVW;2;
DE-02-4147-H1_2;Homsap IGHV3-21*01 F, or Homsap IGHV3-21*02 F;CALDRSGMDVW;2;
DE-02-4148-H1_2;Homsap IGHV3-21*01 F;CARDQNAMDVW;2;
DE-02-4231-H1_2;Homsap IGHV3-21*01 F, or Homsap IGHV3-21*02 F;CARDANGMDVW;2;
DE-02-4255-H1_2;Homsap IGHV3-21*01 F;CARDQNGMDVW;2;
DE-02-4352-H1_2;Homsap IGHV3-21*01 F, or Homsap IGHV3-21*02 F;CVLGRNGMDAW;2;
DE-02-4363-H1_2;Homsap IGHV3-21*01 F, or Homsap IGHV3-21*02 F;CASDRNGMDVW;2;
DE-02-4379-H1_2;Homsap IGHV3-21*01 F, or Homsap IGHV3-21*02 F;CARDANGMDAW;2;
DE-02-4403-H1_2;Homsap IGHV3-21*01 F;CARDGNAMDAW;2;
DE-02-4405-H1_2;Homsap IGHV3-21*01 F;CARDQNAMDVW;2;
DE-02-4418-H1_2;Homsap IGHV3-21*01 F, or Homsap IGHV3-21*02 F;CARDQNDMDVW;2;
DE-02-4426-H1_2;Homsap IGHV3-21*01 F, or Homsap IGHV3-21*02 F;CERDANGMDVW;2;
DE-02-4445-H1_2;Homsap IGHV3-21*01 F, or Homsap IGHV3-21*02 F;CARDGNGMDVW;2;
DE-02-4488-H1_2;Homsap IGHV3-21*01 F;CATDRNGMDVW;2;
DE-02-4539-H1_2;Homsap IGHV3-21*01 F;CARDANGMDVW;2;
DE-02-4569-H1_2;Homsap IGHV3-21*01 F, or Homsap IGHV3-21*02 F;CARDRNGMDVW;2;
DE-02-4614-H1_2;Homsap IGHV3-21*01 F, or Homsap IGHV3-21*02 F;CARDQTNMDVW;2;
DE-02-4617-H1_2;Homsap IGHV3-21*01 F, or Homsap IGHV3-21*02 F;CARDANGMDVW;2;
DE-02-4623-H1_2;Homsap IGHV3-21*01 F, or Homsap IGHV3-21*02 F;CARDANGMDVW;2;
DE-02-4638-H1_2;Homsap IGHV3-21*01 F, or Homsap IGHV3-21*02 F;CARDANGMDVW;2;
DE-02-4690-H1_2;Homsap IGHV3-21*01 F, or Homsap IGHV3-21*02 F;CASDRDGMDVW;2;
DE-02-4705-H1_2;Homsap IGHV3-21*01 F;CATDMNGMDVW;2;
DE-02-4785-H1_2;Homsap IGHV3-21*01 F, or Homsap IGHV3-21*02 F;CARDANGMDVW;2;
DE-02-4787-H1_2;Homsap IGHV3-21*01 F, or Homsap IGHV3-21*02 F;CVRDQNGMDVW;2;
DE-02-4820-H1_2;Homsap IGHV3-21*01 F;CARDANAMDVW;2;
DE-02-4842-H1_2;Homsap IGHV3-21*01 F;CARDRNGMDVW;2;
DE-02-4882-H1_2;Homsap IGHV3-21*01 F, or Homsap IGHV3-21*02 F;CARDSNDMDVW;2;
DE-02-4948-H1_2;Homsap IGHV3-21*01 F, or Homsap IGHV3-21*02 F;CARDANGMDVW;2;
DE-02-4962-H1_2;Homsap IGHV3-21*01 F;CASDRDGMDVW;2;
DE-02-5103-H1_2;Homsap IGHV3-21*01 F, or Homsap IGHV3-21*02 F;CASDRDGMDVW;2;
DE-02-5164-H1_2;Homsap IGHV3-21*01 F, or Homsap IGHV3-21*02 F;CARDRNGMDVW;2;
DE-02-5171-H1_2;Homsap IGHV3-21*01 F, or Homsap IGHV3-21*02 F;CARDANAMDVW;2;
DE-03-0061-H1_2;Homsap IGHV3-21*01 F, or Homsap IGHV3-21*02 F;CATDRNAMDVW;2;
DE-03-0077-H1_2;Homsap IGHV3-21*01 F, or Homsap IGHV3-21*02 F;CAGDRNAMDVW;2;
DE-03-0110-H1_2;Homsap IGHV3-21*01 F, or Homsap IGHV3-21*02 F;CARDANGMDVW;2;
DE-03-0129-H1_2;Homsap IGHV3-21*01 F, or Homsap IGHV3-21*02 F;CARDENTMDVW;2;
DE-03-0197-H1_2;Homsap IGHV3-21*01 F, or Homsap IGHV3-21*02 F;CARDGNGMDVW;2;
DE-03-0209-H1_2;Homsap IGHV3-21*01 F, or Homsap IGHV3-21*02 F;CARDSNGMDVW;2;
DE-03-0226-H1_2;Homsap IGHV3-21*01 F, or Homsap IGHV3-21*02 F;CARDANSMDVW;2;
DE-03-0242-H1_2;Homsap IGHV3-21*01 F, or Homsap IGHV3-21*02 F;CVRDQNAMDVW;2;
DE-03-0521-H1_2;Homsap IGHV3-30*03 F, or Homsap IGHV3-30*04 F or Homsap IGHV3-30*14 F or Homsap IGHV3-30*18 F or Homsap IGHV3-30-3*03 F or Homsap IGHV3-30-5*01 F;CARDSFGMDVW;2;
DE-03-0691-H1_2;Homsap IGHV3-21*01 F;CATDRNGMDVW;2;
DE-03-0695-H1_2;Homsap IGHV3-30*04 F, or Homsap IGHV3-30*10 F or Homsap IGHV3-30-3*03 F;CARDSYGMDVW;2;
DE-03-0732-H1_2;Homsap IGHV3-21*01 F;CARDGNGMDVW;2;
DE-03-0804-H1_2;Homsap IGHV3-21*01 F;CASDRNGMDVW;2;
DE-03-0837-H1_2;Homsap IGHV3-21*01 F;CARDQNGMDVW;2;
DE-03-0851-H1_2;Homsap IGHV3-21*01 F;CARDQNAMDVW;2;
DE-03-0860-H1_2;Homsap IGHV3-21*01 F;CATDRNAMDVW;2;
DE-03-0884-H1_2;Homsap IGHV3-21*01 F;CARDQTGMDVW;2;
DE-03-0889-H1_2;Homsap IGHV3-21*01 F;CARDANGMDVW;2;
DE-03-0950-H1_2;Homsap IGHV3-21*01 F;CASDRNGMDVW;2;
DE-03-1065-H1_2;Homsap IGHV3-21*01 F, or Homsap IGHV3-21*02 F;CVSDSNGMDVW;2;
DE-03-1267-H1_2;Homsap IGHV3-21*01 F;CARDANGMDVW;2;
DE-03-1309-H1_2;Homsap IGHV3-21*01 F, or Homsap IGHV3-21*02 F;CARDANAMDVW;2;
DE-03-1335-H1_2;Homsap IGHV3-21*01 F, or Homsap IGHV3-21*02 F;CASDRDGMDVW;2;
DE-03-1370-H1_2;Homsap IGHV3-7*01 F;CARGTFGMDVW;2;
DE-03-1412-H1_2;Homsap IGHV3-21*01 F, or Homsap IGHV3-21*02 F;CARDQNAMDVW;2;
DE-03-1422-H1_2;Homsap IGHV3-21*01 F, or Homsap IGHV3-21*02 F;CARDANGMDVW;2;
DE-03-1487-H1_2;Homsap IGHV3-21*01 F, or Homsap IGHV3-21*02 F;CARDGNGMDVW;2;
DE-03-1495-H1_2;Homsap IGHV3-21*01 F, or Homsap IGHV3-21*02 F;CARDQNGMDVW;2;
DE-03-1498-H1_2;Homsap IGHV3-21*01 F, or Homsap IGHV3-21*02 F;CARDANAMDVW;2;
DE-03-1613-H1_2;Homsap IGHV3-21*01 F, or Homsap IGHV3-21*02 F;CARDANAMDVW;2;
DE-03-1628-H1_2;Homsap IGHV3-21*01 F, or Homsap IGHV3-21*02 F;CARDANAMDVW;2;
DE-03-1747-H1_2;Homsap IGHV3-21*01 F, or Homsap IGHV3-21*02 F;CARDRDGMDVW;2;
DE-03-1763-H1_2;Homsap IGHV3-21*01 F, or Homsap IGHV3-21*02 F;CARDQNAMDVW;2;
DE-03-1774-H1_2;Homsap IGHV3-21*01 F, or Homsap IGHV3-21*02 F;CATDRNGMDVW;2;
DE-03-1896-H1_2;Homsap IGHV3-21*01 F, or Homsap IGHV3-21*02 F;CARDANGMDVW;2;
DE-03-1913-H1_2;Homsap IGHV3-21*01 F, or Homsap IGHV3-21*02 F;CARDQNDMDVW;2;
DE-03-1928-H1_2;Homsap IGHV3-21*01 F, or Homsap IGHV3-21*02 F;CARDLNGMDVW;2;
DE-03-1961-H1_2;Homsap IGHV3-7*03 F;CARGHYGMDVW;2;
DE-03-2050-H1_2;Homsap IGHV3-7*01 F;CARGHYGMDAW;2;
DE-03-2160-H1_2;Homsap IGHV3-21*01 F, or Homsap IGHV3-21*02 F;CARDQNDMDVW;2;
DE-03-2180-H1_2;Homsap IGHV3-21*01 F, or Homsap IGHV3-21*02 F;CAADRNGMDVW;2;
DE-03-2204-H1_2;Homsap IGHV3-21*01 F, or Homsap IGHV3-21*02 F;CARDGNGMDVW;2;
DE-03-2255-H1_2;Homsap IGHV3-21*01 F, or Homsap IGHV3-21*02 F;CASDRNGMDVW;2;
DE-03-2294-H1_2;Homsap IGHV3-21*01 F, or Homsap IGHV3-21*02 F;CARDQNAMDVW;2;
DE-03-2307-H1_2;Homsap IGHV3-21*01 F, or Homsap IGHV3-21*02 F;CATDRNGMDVW;2;
DE-03-2395-H1_2;Homsap IGHV3-21*01 F, or Homsap IGHV3-21*02 F;CARDSNGMDVW;2;
DE-03-2428-H1_2;Homsap IGHV3-73*01 F, or Homsap IGHV3-73*02 F;CTRLDYGMDVW;2;
DE-03-2453-H1_2;Homsap IGHV3-21*01 F, or Homsap IGHV3-21*02 F;CVGDRSGMDVW;2;
DE-03-2466-H1_2;Homsap IGHV3-21*01 F, or Homsap IGHV3-21*02 F;CARDANGMDVW;2;
DE-03-2500-H1_2;Homsap IGHV3-21*01 F, or Homsap IGHV3-21*02 F;CASDRDGMDVW;2;
DE-03-2530-H1_2;Homsap IGHV3-21*01 F, or Homsap IGHV3-21*02 F;CARDKSDMDVW;2;
DE-03-2536-H1_2;Homsap IGHV3-21*01 F, or Homsap IGHV3-21*02 F;CASDGNGMDVW;2;
DE-03-2547-H1_2;Homsap IGHV3-21*01 F, or Homsap IGHV3-21*02 F;CARDQNAMDVW;2;
DE-03-2555-H1_2;Homsap IGHV3-21*01 F, or Homsap IGHV3-21*02 F;CARDGNGMDVW;2;
DE-03-2593-H1_2;Homsap IGHV3-21*01 F, or Homsap IGHV3-21*02 F;CARDGNGMDVW;2;
DE-03-2614-H1_2;Homsap IGHV3-21*01 F, or Homsap IGHV3-21*02 F;CARDQNGMDVW;2;
DE-03-2650-H1_2;Homsap IGHV3-21*01 F, or Homsap IGHV3-21*02 F;CARDQTVMDVW;2;
DE-03-2669-H1_2;Homsap IGHV3-21*01 F, or Homsap IGHV3-21*02 F;CAIDRNGMDVW;2;
DE-03-2693-H1_2;Homsap IGHV3-21*01 F, or Homsap IGHV3-21*02 F;CARDANVMDVW;2;
DE-03-2742-H1_2;Homsap IGHV3-21*01 F, or Homsap IGHV3-21*02 F;CARDANGMDVW;2;
DE-03-2749-H1_2;Homsap IGHV3-21*01 F, or Homsap IGHV3-21*02 F;CARDANAMDVW;2;
DE-03-2757-H1_2;Homsap IGHV3-21*01 F, or Homsap IGHV3-21*02 F;CARDETGMDYW;2;
DE-03-2779-H1_2;Homsap IGHV3-21*01 F;CARDGNGMDVW;2;
DE-03-2803-H1_2;Homsap IGHV3-21*01 F, or Homsap IGHV3-21*02 F;CARDQNALDVW;2;
DE-03-2860-H1_2;Homsap IGHV3-21*01 F, or Homsap IGHV3-21*02 F;CARDTNVMDVW;2;
DE-03-2905-H1_2;Homsap IGHV3-21*01 F, or Homsap IGHV3-21*02 F;CARDLNGMDVW;2;
DE-03-2917-H1_2;Homsap IGHV3-21*01 F, or Homsap IGHV3-21*02 F;CARDANGMDVW;2;
DE-03-2963-H1_2;Homsap IGHV3-21*01 F, or Homsap IGHV3-21*02 F;CARDQNAMDVW;2;
DE-03-3100-H1_2;Homsap IGHV3-21*01 F, or Homsap IGHV3-21*02 F;CATDRNGMDVW;2;
DE-03-3130-H1_2;Homsap IGHV3-21*01 F, or Homsap IGHV3-21*02 F;CATDRNGMDVW;2;
DE-03-3160-H1_2;Homsap IGHV3-21*01 F, or Homsap IGHV3-21*02 F;CARDANGMDVW;2;
DE-03-3177-H1_2;Homsap IGHV3-30-3*01 F;CARDSYGLDSW;2;
DE-03-3181-H1_2;Homsap IGHV3-21*01 F, or Homsap IGHV3-21*02 F;CARDQNAMDVW;2;
DE-03-3194-H1_2;Homsap IGHV3-21*01 F, or Homsap IGHV3-21*02 F;CARDANGMDVW;2;
DE-03-3212-H1_2;Homsap IGHV3-21*01 F, or Homsap IGHV3-21*02 F;CARDLNGMDVW;2;
DE-03-3214-H1_2;Homsap IGHV3-21*01 F, or Homsap IGHV3-21*02 F;CARDQSGMDVW;2;
DE-03-3258-H1_2;Homsap IGHV3-21*01 F, or Homsap IGHV3-21*02 F;CARDANGMDVW;2;
DE-03-3274-H1_2;Homsap IGHV3-21*01 F, or Homsap IGHV3-21*02 F;CARDGSGMDVW;2;
DE-03-3282-H1_2;Homsap IGHV3-21*01 F, or Homsap IGHV3-21*02 F;CAGDANGMDVW;2;
DE-03-3315-H1_2;Homsap IGHV3-21*01 F, or Homsap IGHV3-21*02 F;CARDLNGMDVW;2;
DE-03-3371-H1_2;Homsap IGHV3-21*01 F, or Homsap IGHV3-21*02 F;CARDENDMDVW;2;
DE-03-3417-H1_2;Homsap IGHV3-21*01 F, or Homsap IGHV3-21*02 F;CASDRNGMDVW;2;
DE-03-3441-H1_2;Homsap IGHV3-21*01 F, or Homsap IGHV3-21*02 F;CARDQNAMDVW;2;
DE-03-3466-H1_2;Homsap IGHV3-21*01 F, or Homsap IGHV3-21*02 F;CASDRDGMDVW;2;
DE-03-3498-H1_2;Homsap IGHV3-21*01 F, or Homsap IGHV3-21*02 F;CARDRNAMDVW;2;
DE-03-3545-H1_2;Homsap IGHV3-21*01 F, or Homsap IGHV3-21*02 F;CARDANVMDVW;2;
DE-03-3641-H1_2;Homsap IGHV3-21*01 F, or Homsap IGHV3-21*02 F;CARDANGMDVW;2;
DE-03-3687-H1_2;Homsap IGHV3-21*01 F, or Homsap IGHV3-21*02 F;CASDRNGMDVW;2;
DE-03-3698-H1_2;Homsap IGHV3-21*01 F, or Homsap IGHV3-21*02 F;CATDRNGMDVW;2;
DE-03-3754-H1_2;Homsap IGHV3-21*01 F, or Homsap IGHV3-21*02 F;CASDRSAMDVW;2;
DE-03-3782-H1_2;Homsap IGHV3-21*01 F, or Homsap IGHV3-21*02 F;CARDANAMDVW;2;
DE-03-3792-H1_2;Homsap IGHV3-21*01 F, or Homsap IGHV3-21*02 F;CVSDRSAMDVW;2;
DE-03-3805-H1_2;Homsap IGHV3-21*01 F, or Homsap IGHV3-21*02 F;CALDRNGMDVW;2;
DE-03-3824-H1_2;Homsap IGHV3-21*01 F, or Homsap IGHV3-21*02 F;CARDGNGMDVW;2;
DE-03-3859-H1_2;Homsap IGHV3-21*01 F, or Homsap IGHV3-21*02 F or Homsap IGHV3-21*04 F;CATERTGMDVW;2;
DE-03-3897-H1_2;Homsap IGHV3-21*01 F, or Homsap IGHV3-21*02 F;CARDANGMDVW;2;
DE-03-3907-H1_2;Homsap IGHV3-30*03 F, or Homsap IGHV3-30*18 F or Homsap IGHV3-30-5*01 F;CARDDYGMDVW;2;
DE-03-3932-H1_2;Homsap IGHV3-21*01 F, or Homsap IGHV3-21*02 F;CATDRNGMDVW;2;
DE-03-3969-H1_2;Homsap IGHV3-21*01 F, or Homsap IGHV3-21*02 F;CASDANGMDVW;2;
DE-03-4025-H1_2;Homsap IGHV3-21*01 F, or Homsap IGHV3-21*02 F;CARDANNMDVW;2;
DE-03-4067-H1_2;Homsap IGHV3-21*01 F, or Homsap IGHV3-21*02 F;CATDRNGMDVW;2;
DE-03-4248-H1_2;Homsap IGHV3-21*01 F, or Homsap IGHV3-21*02 F;CASDRNGMDVW;2;
DE-03-4273-H1_2;Homsap IGHV3-21*01 F, or Homsap IGHV3-21*02 F;CSTDRNGMDVW;2;
DE-03-4316-H1_2;Homsap IGHV3-21*01 F, or Homsap IGHV3-21*02 F;CVRDRDGMDVW;2;
DE-03-4320-H1_2;Homsap IGHV3-21*01 F, or Homsap IGHV3-21*02 F;CARDANGMDVW;2;
DE-03-4347-H1_2;Homsap IGHV3-30*03 F, or Homsap IGHV3-30*18 F or Homsap IGHV3-30-5*01 F;CAKDDYGMDVW;2;
DE-03-4373-H1_2;Homsap IGHV3-21*01 F, or Homsap IGHV3-21*02 F;CARDQNGMDVW;2;
DE-03-4425-H1_2;Homsap IGHV3-21*01 F, or Homsap IGHV3-21*02 F;CARDANGMDVW;2;
DE-03-4461-H1_2;Homsap IGHV3-21*01 F, or Homsap IGHV3-21*02 F;CARDQNGMDVW;2;
DE-03-4465-H1_2;Homsap IGHV3-21*01 F, or Homsap IGHV3-21*02 F;CARDQNAMDVW;2;
DE-03-4517-H1_2;Homsap IGHV3-21*01 F, or Homsap IGHV3-21*02 F;CARDQNDMDVW;2;
DE-03-4625-H1_2;Homsap IGHV3-21*01 F, or Homsap IGHV3-21*02 F;CARDGNGMDVW;2;
DK-01-0011-H1_2;Homsap IGHV3-21*01 F;CTGDRNGMDVW;2;
DK-01-0073-H1_2;Homsap IGHV3-21*01 F;CARDENAMDVW;2;
DK-01-0183-H1_2;Homsap IGHV3-21*01 F, or Homsap IGHV3-21*02 F;CASDRNGMDVW;2;
DK-01-0222-H1_2;Homsap IGHV3-21*01 F;CARDQNGMDVW;2;
DK-01-0229-H1_2;Homsap IGHV3-48*01 F;CARDPTGMSDW;2;
DK-01-0233-H1_2;Homsap IGHV3-21*01 F;CARDANGMDVW;2;
DK-01-0246-H1_2;Homsap IGHV3-21*01 F;CARDANGMDVW;2;
DK-01-0315-H1_2;Homsap IGHV3-21*01 F;CASDSDGMDVW;2;
DK-01-0334-H1_2;Homsap IGHV3-21*01 F;CARDLNGMDVW;2;
DK-01-0354-H1_2;Homsap IGHV3-21*01 F;CARDANAMDVW;2;
DK-01-0378-H1_2;Homsap IGHV3-21*01 F;CARDENTMDVW;2;
DK-01-0452-H1_2;Homsap IGHV3-21*01 F;CARDQNGMDVW;2;
DK-01-0456-H1_2;Homsap IGHV3-21*01 F;CARDQNTMDVW;2;
DK-01-0485-H1_2;Homsap IGHV3-21*01 F;CARDANGMDVW;2;
DK-01-0560-H1_2;Homsap IGHV3-21*01 F;CARDTDAMDVW;2;
DK-01-0619-H1_2;Homsap IGHV3-21*01 F, or Homsap IGHV3-21*02 F;CARDANGMDVW;2;
DK-01-0641-H1_2;Homsap IGHV3-21*01 F;CARDANGMDVW;2;
DK-01-0660-H1_2;Homsap IGHV3-21*01 F;CARDANGMGVW;2;
DK-01-0661-H1_2;Homsap IGHV3-21*01 F;CARDQNAMDVW;2;
DK-01-0676-H1_2;Homsap IGHV3-21*01 F;CVRDANGMDVW;2;
DK-01-0686-H1_2;Homsap IGHV3-21*01 F;CARDANTMDVW;2;
ES-01-0098-H1_2;Homsap IGHV3-64*01 F;CAVDRTGMDVW;2;
ES-01-0237-H1_2;Homsap IGHV3-30*03 F, or Homsap IGHV3-30*18 F;CAKDDYGMDAW;2;
ES-01-0278-H1_2;Homsap IGHV3-21*01 F, or Homsap IGHV3-21*02 F;CARDANGMDVW;2;
ES-01-0350-H1_2;Homsap IGHV3-21*01 F, or Homsap IGHV3-21*02 F;CASDSNGMDVW;2;
ES-01-0394-H1_2;Homsap IGHV3-21*01 F, or Homsap IGHV3-21*02 F;CARDQNGMDVW;2;
ES-01-0543-H1_2;Homsap IGHV3-21*01 F, or Homsap IGHV3-21*02 F;CARDRDGMDVW;2;
FR-01-0045-H1_2;Homsap IGHV3-21*01 F, or Homsap IGHV3-21*02 F;CARDLDGMDVW;2;
FR-01-0126-H1_2;Homsap IGHV3-21*01 F, or Homsap IGHV3-21*02 F;CARDQNDMDVW;2;
FR-01-0131-H1_2;Homsap IGHV3-21*01 F, or Homsap IGHV3-21*02 F;CARDRNGMDVW;2;
FR-01-0217-H1_2;Homsap IGHV3-21*01 F, or Homsap IGHV3-21*02 F;CARDLNGMDVW;2;
FR-01-0253-H1_2;Homsap IGHV3-21*01 F, or Homsap IGHV3-21*02 F;CARDANAMDVW;2;
FR-01-0282-H1_2;Homsap IGHV3-21*01 F, or Homsap IGHV3-21*02 F;CARDANGMDVW;2;
FR-01-0284-H1_2;Homsap IGHV3-21*01 F, or Homsap IGHV3-21*02 F;CARDADGMDVW;2;
FR-01-0327-H1_2;Homsap IGHV3-21*01 F, or Homsap IGHV3-21*02 F;CARDANGMDVW;2;
FR-01-0351-H1_2;Homsap IGHV3-21*01 F, or Homsap IGHV3-21*02 F;CARDANGMDVW;2;
FR-01-0373-H1_2;Homsap IGHV3-21*01 F, or Homsap IGHV3-21*02 F;CAADRSGMDVW;2;
FR-01-0391-H1_2;Homsap IGHV3-21*01 F, or Homsap IGHV3-21*02 F;CARDANGMDVW;2;
FR-01-0497-H1_2;Homsap IGHV3-21*01 F, or Homsap IGHV3-21*02 F;CARDQNAMDVW;2;
FR-01-0510-H1_2;Homsap IGHV3-21*01 F, or Homsap IGHV3-21*02 F;CATDRNAMDVW;2;
FR-01-0525-H1_2;Homsap IGHV3-21*01 F, or Homsap IGHV3-21*02 F;CARDANVMDVW;2;
FR-01-0527-H1_2;Homsap IGHV3-21*01 F, or Homsap IGHV3-21*02 F;CASDRNGMDVW;2;
FR-01-0610-H1_2;Homsap IGHV3-21*01 F, or Homsap IGHV3-21*02 F;CARDQNAMDVW;2;
FR-01-0618-H1_2;Homsap IGHV3-21*01 F, or Homsap IGHV3-21*02 F;CARDANAMDVW;2;
FR-01-0655-H1_2;Homsap IGHV3-21*01 F, or Homsap IGHV3-21*02 F;CARDANGMDVW;2;
FR-01-0697-H1_2;Homsap IGHV3-21*01 F, or Homsap IGHV3-21*02 F;CARDLNGMDVW;2;
FR-01-0727-H1_2;Homsap IGHV3-21*01 F, or Homsap IGHV3-21*02 F;CARDANGMDVW;2;
FR-01-0775-H1_2;Homsap IGHV3-21*01 F, or Homsap IGHV3-21*02 F;CALDRNAMDVW;2;
FR-01-0800-H1_2;Homsap IGHV3-21*01 F, or Homsap IGHV3-21*02 F;CALDRNGMDVW;2;
FR-01-0803-H1_2;Homsap IGHV3-21*01 F, or Homsap IGHV3-21*02 F;CARDANGMDVW;2;
FR-01-0851-H1_2;Homsap IGHV3-21*01 F, or Homsap IGHV3-21*02 F;CARDANGMDVW;2;
FR-01-0889-H1_2;Homsap IGHV3-21*01 F, or Homsap IGHV3-21*02 F;CALDRNGMDVW;2;
FR-01-0903-H1_2;Homsap IGHV3-21*01 F, or Homsap IGHV3-21*02 F;CASDRNGMDVW;2;
FR-01-0950-H1_2;Homsap IGHV3-21*01 F, or Homsap IGHV3-21*02 F;CVRDQNGMDVW;2;
FR-01-0965-H1_2;Homsap IGHV3-21*01 F, or Homsap IGHV3-21*02 F;CARDQNGMDVW;2;
FR-01-0970-H1_2;Homsap IGHV3-21*01 F, or Homsap IGHV3-21*02 F;CARDQNGMDVW;2;
FR-01-0980-H1_2;Homsap IGHV3-21*01 F, or Homsap IGHV3-21*02 F;CTTDSDGMDVW;2;
FR-01-1002-H1_2;Homsap IGHV3-21*01 F;CARDQNGMDVW;2;
FR-01-1004-H1_2;Homsap IGHV3-21*01 F, or Homsap IGHV3-21*02 F;CARDQNAMDVW;2;
FR-01-1026-H1_2;Homsap IGHV3-21*02 F;CARDENVMDVW;2;
FR-01-1096-H1_2;Homsap IGHV3-21*01 F;CARDANGMDVW;2;
FR-01-1123-H1_2;Homsap IGHV3-21*01 F;CASDRSAMDVW;2;
FR-01-1126-H1_2;Homsap IGHV3-21*01 F;CARDANGMDVW;2;
FR-01-1127-H1_2;Homsap IGHV3-21*01 F;CAKDQSGMDVW;2;
FR-01-1145-H1_2;Homsap IGHV3-21*01 F;CARDANNMDVW;2;
FR-01-1157-H1_2;Homsap IGHV3-21*01 F;CARDANGMDVW;2;
FR-01-1184-H1_2;Homsap IGHV3-21*01 F;CARDQQGMDVW;2;
FR-01-1198-H1_2;Homsap IGHV3-21*01 F;CARDQTGMDVW;2;
FR-01-1218-H1_2;Homsap IGHV3-21*01 F;CARDRNGMDVW;2;
FR-01-1238-H1_2;Homsap IGHV3-21*01 F;CVRDADGMDVW;2;
FR-01-1250-H1_2;Homsap IGHV3-21*01 F;CARDQNGMDVW;2;
FR-01-1265-H1_2;Homsap IGHV3-21*01 F;CASDRNGMDVW;2;
FR-01-1344-H1_2;Homsap IGHV3-21*01 F;CARDQNAMDVW;2;
FR-01-1363-H1_2;Homsap IGHV3-21*01 F, or Homsap IGHV3-21*02 F;CARDANGMDVW;2;
FR-01-1373-H1_2;Homsap IGHV3-21*01 F;CTRDANGMDVW;2;
GR-01-0032-H1_2;Homsap IGHV3-21*01 F;CARDQNAMDVW;2;
GR-01-0046-H1_2;Homsap IGHV3-21*01 F;CARDANGMDVW;2;
GR-01-0133-H1_2;Homsap IGHV3-21*01 F, or Homsap IGHV3-21*02 F;CAIDRNGMDVW;2;
GR-01-0225-H1_2;Homsap IGHV3-21*02 F;CVTDRNGMDVW;2;
GR-01-0428-H1_2;Homsap IGHV3-21*01 F;CARDANDMDVW;2;
GR-01-0658-H1_2;Homsap IGHV3-30-3*01 F;CARDNYGMDVW;2;
GR-01-0673-H1_2;Homsap IGHV3-21*01 F, or Homsap IGHV3-21*02 F;CARDQNAMDVW;2;
GR-01-0704-H2_2;Homsap IGHV3-21*01 F, or Homsap IGHV3-21*02 F;CATDRNGMDVW;2;
GR-01-0781-H1_2;Homsap IGHV3-21*01 F;CASDRNGMDVW;2;
GR-01-0951-H1_2;Homsap IGHV3-7*01 F;CTRGHYGLDVW;2;
GR-02-0040-H1_2;Homsap IGHV3-11*01 F;CARDLNAMDVW;2;
GR-02-0059-H1_2;Homsap IGHV3-21*01 F;CARDLNAMDVW;2;
GR-02-0213-H1_2;Homsap IGHV3-21*01 F;CARDANAMDVW;2;
GR-02-0258-H1_2;Homsap IGHV3-21*01 F;CARDANGMDVW;2;
GR-02-0286-H1_2;Homsap IGHV3-21*01 F;CATDGNGMDVW;2;
GR-02-0320-H1_2;Homsap IGHV3-21*01 F;CATDRNGMDVW;2;
GR-02-0352-H1_2;Homsap IGHV3-21*01 F;CARDANGMDVW;2;
GR-02-0428-H1_2;Homsap IGHV3-30*03 F, or Homsap IGHV3-30*18 F;CAKDDYGMDVW;2;
GR-03-0142-H1_2;Homsap IGHV3-21*01 F, or Homsap IGHV3-21*02 F;CARDRNGMDVW;2;
GR-03-0143-H1_2;Homsap IGHV3-21*01 F, or Homsap IGHV3-21*02 F;CARDQNGMDVW;2;
GR-03-0144-H1_2;Homsap IGHV3-21*01 F, or Homsap IGHV3-21*02 F;CARDANGMDVW;2;
IT-01-0015-H1_2;Homsap IGHV3-48*02 F;CARDPTGMDVW;2;
IT-01-0144-H1_2;Homsap IGHV3-30*03 F, or Homsap IGHV3-30*18 F;CAKDDYGMDVW;2;
IT-01-0152-H1_2;Homsap IGHV3-21*01 F;CARDENGMDVW;2;
IT-01-0176-H1_2;Homsap IGHV3-21*01 F;CARDMNAMDVW;2;
IT-01-0178-H1_2;Homsap IGHV3-21*01 F, or Homsap IGHV3-21*02 F;CARDANAMDVW;2;
IT-01-0179-H1_2;Homsap IGHV3-21*01 F;CARDGNGMDVW;2;
IT-01-0212-H1_2;Homsap IGHV3-21*01 F;CARDANGMDVW;2;
IT-01-0213-H1_2;Homsap IGHV3-21*01 F;CARDGNGMDVW;2;
IT-01-0214-H1_2;Homsap IGHV3-21*01 F;CARDANGMDVW;2;
IT-01-0229-H1_2;Homsap IGHV3-21*01 F;CARDMNDMDVW;2;
IT-01-0235-H1_2;Homsap IGHV3-21*01 F, or Homsap IGHV3-21*02 F;CAVDKNAMDVW;2;
IT-01-0240-H1_2;Homsap IGHV3-21*01 F;CARDANHMDVW;2;
IT-01-0295-H1_2;Homsap IGHV3-21*01 F;CASDKNGMDVW;2;
IT-01-0345-H1_2;Homsap IGHV3-21*01 F;CARDANCMDVW;2;
IT-01-0356-H1_2;Homsap IGHV3-21*01 F;CARDQNDMDVW;2;
IT-01-0363-H1_2;Homsap IGHV3-21*01 F;CARDQNTMDVW;2;
IT-01-0439-H1_2;Homsap IGHV3-21*01 F, or Homsap IGHV3-21*02 F;CARDENGMDVW;2;
IT-02-0041-H1_2;Homsap IGHV3-21*01 F, or Homsap IGHV3-21*02 F;CARDQNGMDVW;2;
IT-02-0193-H1_2;Homsap IGHV3-21*01 F, or Homsap IGHV3-21*02 F;CAVDRNGMDVW;2;
IT-02-0265-H1_2;Homsap IGHV3-21*01 F;CARDANGMDVW;2;
IT-02-0320-H1_2;Homsap IGHV3-21*01 F, or Homsap IGHV3-21*02 F;CVRDANGMDVW;2;
IT-02-0584-H1_2;Homsap IGHV3-21*01 F, or Homsap IGHV3-21*02 F;CARDGNGMDVW;2;
IT-02-0656-H1_2;Homsap IGHV3-21*01 F, or Homsap IGHV3-21*02 F;CARDANVMDVW;2;
IT-02-0671-H1_2;Homsap IGHV3-21*01 F, or Homsap IGHV3-21*02 F;CAGDKNAMDVW;2;
IT-02-0767-H1_2;Homsap IGHV3-21*01 F, or Homsap IGHV3-21*02 F;CARDANAMDVW;2;
IT-05-0040-H1_2;Homsap IGHV3-21*01 F, or Homsap IGHV3-21*02 F;CATDANGMDVW;2;
IT-05-0080-H1_2;Homsap IGHV3-21*01 F, or Homsap IGHV3-21*02 F;CATDQNGMNVW;2;
IT-05-0089-H1_2;Homsap IGHV3-21*01 F, or Homsap IGHV3-21*02 F;CARDANAMDVW;2;
IT-05-0159-H1_2;Homsap IGHV3-21*01 F, or Homsap IGHV3-21*02 F;CARDRNGMDVW;2;
IT-05-0160-H1_2;Homsap IGHV3-21*01 F, or Homsap IGHV3-21*02 F;CTRDGSGMDVW;2;
IT-05-0164-H1_2;Homsap IGHV3-21*01 F, or Homsap IGHV3-21*02 F;CATDRNGMDVW;2;
IT-05-0191-H1_2;Homsap IGHV3-33*01 F, or Homsap IGHV3-33*06 F;CARDDYGFDPW;2;
IT-05-0260-H1_2;Homsap IGHV3-21*01 F, or Homsap IGHV3-21*02 F;CARDANGMDVW;2;
IT-05-0291-H1_2;Homsap IGHV3-48*04 F;CARDPTGMDYW;2;
IT-05-0342-H1_2;Homsap IGHV3-21*01 F;CARDANGMDVW;2;
IT-06-0022-H1_2;Homsap IGHV3-21*01 F;CARDQNAMDVW;2;
IT-06-0028-H1_2;Homsap IGHV3-21*01 F;CARDANGMDVW;2;
IT-06-0097-H1_2;Homsap IGHV3-21*01 F;CARDQNDMDVW;2;
IT-06-0156-H1_2;Homsap IGHV3-21*01 F;CASDRNGMDVW;2;
IT-06-0172-H1_2;Homsap IGHV3-21*01 F;CARDGNAMDVW;2;
IT-06-0240-H1_2;Homsap IGHV3-21*01 F;CASDRDGMDVW;2;
IT-07-0052-H1_2;Homsap IGHV3-21*01 F;CARDQNTMDVW;2;
IT-07-0099-H2_2;Homsap IGHV3-21*01 F;CVSDRNGMDVW;2;
IT-07-0163-H1_2;Homsap IGHV3-21*01 F;CARDQSAMDVW;2;
IT-07-0267-H1_2;Homsap IGHV3-21*01 F;CARDQNVMDVW;2;
IT-07-0274-H1_2;Homsap IGHV3-21*01 F, or Homsap IGHV3-21*02 F;CARDANHMDVW;2;
IT-07-0293-H1_2;Homsap IGHV3-21*01 F;CASDRNGMDVW;2;
IT-07-0307-H1_2;Homsap IGHV3-21*01 F;CARDGNGMDVW;2;
NL-01-0004-H1_2;Homsap IGHV3-21*01 F, or Homsap IGHV3-21*02 F;CARDQNGMDVW;2;
NL-01-0010-H1_2;Homsap IGHV3-21*01 F, or Homsap IGHV3-21*02 F;CARDTNAMDVW;2;
NL-01-0024-H1_2;Homsap IGHV3-21*01 F, or Homsap IGHV3-21*02 F;CARDQTAVDVW;2;
NL-01-0066-H1_2;Homsap IGHV3-21*01 F, or Homsap IGHV3-21*02 F;CARDQNAMDVW;2;
NL-01-0116-H1_2;Homsap IGHV3-21*01 F, or Homsap IGHV3-21*02 F;CAREQTGMDVW;2;
NL-01-0124-H1_2;Homsap IGHV3-21*01 F, or Homsap IGHV3-21*02 F;CARDANGMDVW;2;
NL-01-0129-H1_2;Homsap IGHV3-21*01 F, or Homsap IGHV3-21*02 F;CARDANGMDVW;2;
NL-01-0150-H1_2;Homsap IGHV3-21*01 F, or Homsap IGHV3-21*02 F;CARDRSAMDVW;2;
NL-01-0163-H1_2;Homsap IGHV3-21*01 F, or Homsap IGHV3-21*02 F;CARDANGMDVW;2;
NL-01-0185-H1_2;Homsap IGHV3-21*01 F, or Homsap IGHV3-21*02 F;CVLPRNGMDVW;2;
NL-01-0217-H1_2;Homsap IGHV3-21*01 F, or Homsap IGHV3-21*02 F;CAGDRNGMDVW;2;
NL-01-0280-H1_2;Homsap IGHV3-21*01 F, or Homsap IGHV3-21*02 F;CARDQNALDVW;2;
NL-01-0286-H1_2;Homsap IGHV3-21*01 F, or Homsap IGHV3-21*02 F;CASDRSGMDVW;2;
NL-01-0311-H1_2;Homsap IGHV3-21*01 F, or Homsap IGHV3-21*02 F;CARDANGMDVW;2;
NL-01-0325-H1_2;Homsap IGHV3-21*01 F, or Homsap IGHV3-21*02 F;CARDANGMDVW;2;
NL-01-0331-H1_2;Homsap IGHV3-21*01 F, or Homsap IGHV3-21*02 F;CARDSNGMDIW;2;
NL-01-0384-H1_2;Homsap IGHV3-21*01 F, or Homsap IGHV3-21*02 F;CARDANGMDVW;2;
NL-01-0398-H1_2;Homsap IGHV3-48*02 F;CARGEAAADVW;2;
NL-01-0404-H1_2;Homsap IGHV3-21*01 F, or Homsap IGHV3-21*02 F;CARDANGMDVW;2;
NL-01-0409-H1_2;Homsap IGHV3-21*01 F, or Homsap IGHV3-21*02 F;CARDANAMDVW;2;
NL-01-0425-H1_2;Homsap IGHV3-21*01 F, or Homsap IGHV3-21*02 F;CATDRNGMDVW;2;
NL-01-0431-H1_2;Homsap IGHV3-21*01 F, or Homsap IGHV3-21*02 F;CARDKTAMDVW;2;
NL-01-0450-H1_2;Homsap IGHV3-21*01 F, or Homsap IGHV3-21*02 F;CARDQNGMDVW;2;
NL-01-0505-H1_2;Homsap IGHV3-21*01 F, or Homsap IGHV3-21*02 F;CARDANGMDVW;2;
NL-01-0539-H1_2;Homsap IGHV3-21*01 F, or Homsap IGHV3-21*02 F;CAVDRNGMDVW;2;
NL-01-0556-H1_2;Homsap IGHV3-21*01 F, or Homsap IGHV3-21*02 F;CARDQNTMDVW;2;
NL-01-0573-H1_2;Homsap IGHV3-21*01 F, or Homsap IGHV3-21*02 F;CVRDQNGMDVW;2;
NL-01-0623-H1_2;Homsap IGHV3-21*01 F, or Homsap IGHV3-21*02 F;CARDQNGMDVW;2;
NL-01-0640-H1_2;Homsap IGHV3-21*01 F, or Homsap IGHV3-21*02 F;CARDANGMDVW;2;
NL-01-0641-H1_2;Homsap IGHV3-21*01 F, or Homsap IGHV3-21*02 F;CARDQNGMDVW;2;
NL-01-0644-H1_2;Homsap IGHV3-21*01 F, or Homsap IGHV3-21*02 F;CARDQTNMDVW;2;
NL-01-0653-H1_2;Homsap IGHV3-21*01 F, or Homsap IGHV3-21*02 F;CASDRNGMDVW;2;
NL-01-0670-H1_2;Homsap IGHV3-21*01 F, or Homsap IGHV3-21*02 F;CARDQNAMDVW;2;
NL-01-0676-H1_2;Homsap IGHV3-21*01 F, or Homsap IGHV3-21*02 F;CARDENAMDVW;2;
NL-01-0681-H1_2;Homsap IGHV3-30*02 F;CARGYYDMDVW;2;
NL-01-0694-H1_2;Homsap IGHV3-21*01 F, or Homsap IGHV3-21*02 F;CARDRNGMDVW;2;
NL-01-0723-H1_2;Homsap IGHV3-21*01 F, or Homsap IGHV3-21*02 F;CARDANGMDVW;2;
NL-04-0004-H1_2;Homsap IGHV3-21*01 F;CAGDRNGMDVW;2;
NL-04-0007-H1_2;Homsap IGHV3-21*01 F;CARDGNGMDVW;2;
NL-04-0075-H1_2;Homsap IGHV3-30*03 F;CARDSYGMDVW;2;
NL-04-0105-H1_2;Homsap IGHV3-21*01 F;CASDRNGMDVW;2;
NL-04-0120-H1_2;Homsap IGHV3-21*01 F;CARDQNGMDVW;2;
NL-04-0140-H1_2;Homsap IGHV3-21*01 F;CAGDRNGMDVW;2;
NY-01-0197-H1_2;Homsap IGHV3-21*01 F;CARDRNGMDVW;2;
NY-01-0219-H1_2;Homsap IGHV3-21*01 F;CVRDQNGMDVW;2;
NY-01-0242-H1_2;Homsap IGHV3-21*01 F;CARDANGMDVW;2;
NY-01-0259-H1_2;Homsap IGHV3-21*01 F;CVCDRSGMDVW;2;
NY-01-0297-H1_2;Homsap IGHV3-21*01 F;CARDQNGMDVW;2;
NY-01-0377-H1_2;Homsap IGHV3-21*01 F;CARDANGMDVW;2;
NY-01-0398-H1_2;Homsap IGHV3-21*01 F;CVRDANGMDVW;2;
NY-01-0455-H1_2;Homsap IGHV3-21*01 F;CARDANGMDVW;2;
NY-01-0493-H1_2;Homsap IGHV3-21*01 F;CARDRNGMDVW;2;
NY-01-0526-H1_2;Homsap IGHV3-21*01 F;CVGDRNGMDVW;2;
NY-01-0661-H1_2;Homsap IGHV3-21*01 F;CATDRNGMDVW;2;
NY-01-0944-H1_2;Homsap IGHV3-21*01 F;CAGDRNAMDVW;2;
NY-01-0983-H1_2;Homsap IGHV3-21*01 F;CARDQNVMDVW;2;
NY-01-1082-H1_2;Homsap IGHV3-21*01 F;CARDANTMDVW;2;
NY-01-1118-H1_2;Homsap IGHV3-21*01 F;CARDQNCMDVW;2;
PL-01-0066-H1_2;Homsap IGHV3-21*01 F, or Homsap IGHV3-21*02 F;CATDRNGMDVW;2;
PL-01-0103-H1_2;Homsap IGHV3-21*01 F, or Homsap IGHV3-21*02 F;CARDQNSMDVW;2;
PL-01-0126-H1_2;Homsap IGHV3-21*01 F, or Homsap IGHV3-21*02 F;CAGDRNGMDVW;2;
PL-01-0146-H1_2;Homsap IGHV3-21*01 F, or Homsap IGHV3-21*02 F;CARDANAMDVW;2;
PL-01-0148-H1_2;Homsap IGHV3-21*01 F, or Homsap IGHV3-21*02 F;CARDETGMADW;2;
PL-01-0151-H1_2;Homsap IGHV3-21*01 F, or Homsap IGHV3-21*02 F;CARDANAMDVW;2;
PL-01-0230-H1_2;Homsap IGHV3-21*01 F, or Homsap IGHV3-21*02 F (see comment);CARDANAMDVW;2;
PL-01-0273-H1_2;Homsap IGHV3-21*01 F, or Homsap IGHV3-21*02 F;CATDRNGMDVW;2;
PL-01-0298-H1_2;Homsap IGHV3-21*01 F, or Homsap IGHV3-21*02 F;CARDANSMDVW;2;
PL-01-0334-H1_2;Homsap IGHV3-21*01 F, or Homsap IGHV3-21*02 F;CARDANAMDVW;2;
RU-01-0147-H1_2;Homsap IGHV3-21*01 F, or Homsap IGHV3-21*02 F;CTSDRNGMDVW;2;
RU-01-0353-H1_2;Homsap IGHV3-21*01 F, or Homsap IGHV3-21*02 F;CARDRDGMDVW;2;
RU-01-0406-H1_2;Homsap IGHV3-21*01 F, or Homsap IGHV3-21*02 F;CARDQNGMDVW;2;
SE-01-0010-H1_2;Homsap IGHV3-21*01 F, or Homsap IGHV3-21*02 F;CASDRNAMDVW;2;
SE-01-0020-H1_2;Homsap IGHV3-21*01 F, or Homsap IGHV3-21*02 F;CARDANYMDVW;2;
SE-01-0034-H1_2;Homsap IGHV3-21*01 F, or Homsap IGHV3-21*02 F;CASERSGMDVW;2;
SE-01-0038-H1_2;Homsap IGHV3-21*01 F, or Homsap IGHV3-21*02 F;CSGDRNGMDVW;2;
SE-01-0045-H1_2;Homsap IGHV3-21*01 F, or Homsap IGHV3-21*02 F;CATDRNALDVW;2;
SE-01-0073-H1_2;Homsap IGHV3-21*01 F, or Homsap IGHV3-21*02 F;CARDANGMDVW;2;
SE-01-0084-H1_2;Homsap IGHV3-21*01 F, or Homsap IGHV3-21*02 F;CATDRNGMDVW;2;
SE-01-0087-H1_2;Homsap IGHV3-21*01 F, or Homsap IGHV3-21*02 F;CARDANGMDVW;2;
SE-01-0098-H1_2;Homsap IGHV3-21*01 F, or Homsap IGHV3-21*02 F;CATDRNGMDVW;2;
SE-01-0123-H1_2;Homsap IGHV3-21*01 F, or Homsap IGHV3-21*02 F;CARDANGMDVW;2;
SE-01-0131-H1_2;Homsap IGHV3-21*01 F, or Homsap IGHV3-21*02 F;CARDANAMDVW;2;
SE-01-0132-H1_2;Homsap IGHV3-21*01 F, or Homsap IGHV3-21*02 F;CARDANGMDVW;2;
SE-01-0146-H2_2;Homsap IGHV3-21*01 F, or Homsap IGHV3-21*02 F;CARDANGMDVW;2;
SE-01-0184-H1_2;Homsap IGHV3-21*01 F, or Homsap IGHV3-21*02 F;CARDANGMDVW;2;
SE-01-0200-H1_2;Homsap IGHV3-21*01 F, or Homsap IGHV3-21*02 F;CASDRTGMDIW;2;
SE-01-0207-H1_2;Homsap IGHV3-21*01 F, or Homsap IGHV3-21*02 F;CARDQNVMDVW;2;
SE-01-0218-H1_2;Homsap IGHV3-21*01 F, or Homsap IGHV3-21*02 F;CARDANGMDVW;2;
SE-01-0229-H1_2;Homsap IGHV3-21*01 F, or Homsap IGHV3-21*02 F;CARDGNGMDVW;2;
SE-01-0232-H1_2;Homsap IGHV3-21*01 F, or Homsap IGHV3-21*02 F;CARDENVMDVW;2;
SE-01-0258-H1_2;Homsap IGHV3-21*01 F, or Homsap IGHV3-21*02 F;CARDRNGMDVW;2;
SE-01-0281-H1_2;Homsap IGHV3-21*01 F, or Homsap IGHV3-21*02 F;CARDANGMDVW;2;
SE-01-0331-H1_2;Homsap IGHV3-21*01 F, or Homsap IGHV3-21*02 F;CARDGNGMDVW;2;
SE-01-0338-H1_2;Homsap IGHV3-21*01 F, or Homsap IGHV3-21*02 F or Homsap IGHV3-21*04 F;CARDQNGMDVW;2;
SE-01-0395-H1_2;Homsap IGHV3-21*01 F, or Homsap IGHV3-21*02 F;CARDQNGMDVW;2;
SE-01-0397-H1_2;Homsap IGHV3-21*01 F, or Homsap IGHV3-21*02 F;CASDRNGMDVW;2;
SE-01-0436-H2_2;Homsap IGHV3-21*01 F, or Homsap IGHV3-21*02 F;CAGDRNAMDVW;2;
SE-01-0438-H1_2;Homsap IGHV3-21*01 F, or Homsap IGHV3-21*02 F;CARDGNGMDVW;2;
SE-01-0447-H1_2;Homsap IGHV3-21*01 F, or Homsap IGHV3-21*02 F;CAGDRNAMDVW;2;
SE-01-0499-H1_2;Homsap IGHV3-21*01 F, or Homsap IGHV3-21*02 F;CATDRNGMDVW;2;
SE-01-0512-H1_2;Homsap IGHV3-21*01 F, or Homsap IGHV3-21*02 F;CARDGNALDVW;2;
SE-01-0513-H1_2;Homsap IGHV3-21*01 F, or Homsap IGHV3-21*02 F;CARDQNAMDVW;2;
SE-01-0518-H1_2;Homsap IGHV3-21*01 F, or Homsap IGHV3-21*02 F;CATDRNGMDVW;2;
SE-01-0577-H1_2;Homsap IGHV3-21*01 F, or Homsap IGHV3-21*02 F;CARDANGMDVW;2;
SE-01-0588-H1_2;Homsap IGHV3-21*01 F, or Homsap IGHV3-21*02 F;CARDQTDMDVW;2;
SE-01-0602-H1_2;Homsap IGHV3-21*01 F, or Homsap IGHV3-21*02 F;CARDANGMDVW;2;
SE-01-0603-H1_2;Homsap IGHV3-21*01 F, or Homsap IGHV3-21*02 F;CAGDANGMDVW;2;
SE-01-0650-H1_2;Homsap IGHV3-21*01 F, or Homsap IGHV3-21*02 F;CARDLNGMDVW;2;
SE-01-0686-H1_2;Homsap IGHV3-21*01 F, or Homsap IGHV3-21*02 F;CASDRDGMDVW;2;
SE-01-0767-H1_2;Homsap IGHV3-21*01 F, or Homsap IGHV3-21*02 F;CARDANGMEVW;2;
SE-01-0850-H2_2;Homsap IGHV3-21*01 F, or Homsap IGHV3-21*02 F;CARDANTMDVW;2;
SE-01-0877-H1_2;Homsap IGHV3-21*01 F, or Homsap IGHV3-21*02 F;CARDQNAMDVW;2;
SE-01-0945-H1_2;Homsap IGHV3-21*01 F, or Homsap IGHV3-21*02 F;CARDANAMDVW;2;
SE-01-1002-H1_2;Homsap IGHV3-21*01 F, or Homsap IGHV3-21*02 F;CARDANGMDVW;2;
SE-01-1079-H1_2;Homsap IGHV3-21*01 F, or Homsap IGHV3-21*02 F;CARDANAMDVW;2;
SE-01-1120-H1_2;Homsap IGHV3-21*01 F, or Homsap IGHV3-21*02 F;CARDQNDMDVW;2;
SE-01-1122-H1_2;Homsap IGHV3-21*01 F, or Homsap IGHV3-21*02 F;CARDANGMDVW;2;
SE-01-1123-H1_2;Homsap IGHV3-21*01 F, or Homsap IGHV3-21*02 F;CARDADGMDVW;2;
SE-01-1186-H1_2;Homsap IGHV3-21*01 F, or Homsap IGHV3-21*02 F;CVTDRNAMDVW;2;
SE-01-1196-H1_2;Homsap IGHV3-21*01 F, or Homsap IGHV3-21*02 F;CARDQNHMDVW;2;
SE-01-1210-H1_2;Homsap IGHV3-21*01 F, or Homsap IGHV3-21*02 F;CARDANGMDVW;2;
SE-01-1218-H1_2;Homsap IGHV3-21*01 F, or Homsap IGHV3-21*02 F;CASDRNGMDVW;2;
SE-01-1265-H1_2;Homsap IGHV3-21*01 F, or Homsap IGHV3-21*02 F;CARDANAMDVW;2;
SE-01-1281-H1_2;Homsap IGHV3-21*01 F, or Homsap IGHV3-21*02 F;CATDRNGMDVW;2;
SE-01-1295-H1_2;Homsap IGHV3-21*01 F, or Homsap IGHV3-21*02 F;CARDQTAMDVW;2;
SR-01-0026-H1_2;Homsap IGHV3-21*01 F;CASDRDGMDVW;2;
UK-01-0018-H1_2;Homsap IGHV3-21*01 F, or Homsap IGHV3-21*02 F;CARDATGMDVW;2;
UK-01-0026-H1_2;Homsap IGHV3-21*01 F, or Homsap IGHV3-21*02 F;CARDANGMDVW;2;
UK-01-0042-H1_2;Homsap IGHV3-21*01 F, or Homsap IGHV3-21*02 F;CARDANGMDVW;2;
UK-01-0049-H1_2;Homsap IGHV3-21*02 F;CARDHNAMDVW;2;
UK-01-0051-H1_2;Homsap IGHV3-21*01 F, or Homsap IGHV3-21*02 F;CATDRNGMDVW;2;
UK-01-0053-H1_2;Homsap IGHV3-21*01 F, or Homsap IGHV3-21*02 F;CATDRNGMDVW;2;
UK-01-0057-H1_2;Homsap IGHV3-21*01 F, or Homsap IGHV3-21*02 F;CARDQNAMDVW;2;
UK-01-0063-H1_2;Homsap IGHV3-21*01 F, or Homsap IGHV3-21*02 F;CARDANAMDVW;2;
UK-01-0071-H1_2;Homsap IGHV3-21*01 F, or Homsap IGHV3-21*02 F;CARDQNGMDVW;2;
UK-01-0080-H1_2;Homsap IGHV3-21*01 F, or Homsap IGHV3-21*02 F;CARDANGMDVW;2;
UK-01-0088-H1_2;Homsap IGHV3-21*01 F, or Homsap IGHV3-21*02 F;CAIDRNGMDVW;2;
UK-01-0090-H1_2;Homsap IGHV3-21*01 F, or Homsap IGHV3-21*02 F;CAIDRNGMDVW;2;
UK-01-0092-H1_2;Homsap IGHV3-21*01 F, or Homsap IGHV3-21*02 F;CASDRNGMDVW;2;
UK-01-0101-H1_2;Homsap IGHV3-21*01 F, or Homsap IGHV3-21*02 F;CASDRNGMDVW;2;
UK-01-0131-H1_2;Homsap IGHV3-21*01 F, or Homsap IGHV3-21*02 F;CARDRNGMDVW;2;
UK-01-0142-H1_2;Homsap IGHV3-21*01 F, or Homsap IGHV3-21*02 F;CATDRGSMDVW;2;
UK-01-0154-H1_2;Homsap IGHV3-21*01 F, or Homsap IGHV3-21*02 F;CARDRNAMDVW;2;
UK-01-0195-H1_2;Homsap IGHV3-21*01 F, or Homsap IGHV3-21*02 F;CARDSNAMDVW;2;
UK-01-0197-H1_2;Homsap IGHV3-21*01 F, or Homsap IGHV3-21*02 F;CASDRNGMDVW;2;
UK-01-0210-H1_2;Homsap IGHV3-21*01 F, or Homsap IGHV3-21*02 F;CARDANGMDVW;2;
UK-01-0237-H1_2;Homsap IGHV3-21*01 F;CARDGNGMDVW;2;
UK-01-0247-H1_2;Homsap IGHV3-21*01 F, or Homsap IGHV3-21*02 F;CARDANGMDVW;2;
UK-01-0272-H1_2;Homsap IGHV3-21*01 F, or Homsap IGHV3-21*02 F;CAIDRNGMDVW;2;
UK-01-0284-H1_2;Homsap IGHV3-21*01 F, or Homsap IGHV3-21*02 F;CASDRNGMDVW;2;
UK-01-0306-H1_2;Homsap IGHV3-21*01 F, or Homsap IGHV3-21*02 F;CAGDVNGMVVW;2;
UK-01-0308-H1_2;Homsap IGHV3-21*01 F, or Homsap IGHV3-21*02 F;CALDRNGMDVW;2;
UK-01-0314-H1_2;Homsap IGHV3-21*01 F, or Homsap IGHV3-21*02 F;CARDQNGMDVW;2;
UK-01-0353-H1_2;Homsap IGHV3-21*01 F, or Homsap IGHV3-21*02 F;CARDANGMDVW;2;
UK-01-0357-H1_2;Homsap IGHV3-21*01 F, or Homsap IGHV3-21*02 F;CARDQNGMDVW;2;
UK-01-0390-H1_2;Homsap IGHV3-21*01 F, or Homsap IGHV3-21*02 F;CARDQNGMDVW;2;
UK-01-0418-H1_2;Homsap IGHV3-21*01 F, or Homsap IGHV3-21*02 F;CARDQNAMDVW;2;
UK-01-0422-H1_2;Homsap IGHV3-21*01 F, or Homsap IGHV3-21*02 F;CASDRNGMDVW;2;
UK-01-0431-H1_2;Homsap IGHV3-21*01 F, or Homsap IGHV3-21*02 F;CARDMNAMDVW;2;
UK-01-0459-H1_2;Homsap IGHV3-21*01 F, or Homsap IGHV3-21*02 F;CARDANGMDVW;2;
UK-01-0464-H1_2;Homsap IGHV3-21*01 F, or Homsap IGHV3-21*02 F;CARDENAMDVW;2;
UK-01-0474-H1_2;Homsap IGHV3-21*01 F, or Homsap IGHV3-21*02 F;CARDANVMDVW;2;
UK-01-0512-H1_2;Homsap IGHV3-21*01 F, or Homsap IGHV3-21*02 F;CARDANGMDVW;2;
UK-01-0544-H1_2;Homsap IGHV3-21*01 F;CARDANGMDVW;2;
UK-01-0588-H1_2;Homsap IGHV3-21*01 F, or Homsap IGHV3-21*02 F;CARDANHMDVW;2;
UK-01-0589-H1_2;Homsap IGHV3-21*01 F, or Homsap IGHV3-21*02 F;CAVDRTGMDVW;2;
UK-01-0606-H1_2;Homsap IGHV3-21*01 F, or Homsap IGHV3-21*02 F;CASDRNGMDVW;2;
UK-01-0739-H1_2;Homsap IGHV3-7*01 F;CTRGHYDLDVW;2;
UK-01-0741-H1_2;Homsap IGHV3-21*01 F, or Homsap IGHV3-21*02 F;CATDRNGMDVW;2;
UK-01-0791-H1_2;Homsap IGHV3-21*01 F, or Homsap IGHV3-21*02 F;CAADRNAMDVW;2;
UK-02-0177-H1_2;Homsap IGHV3-21*01 F, or Homsap IGHV3-21*02 F;CARDRNGMDVW;2;
UK-02-0216-H1_2;Homsap IGHV3-21*01 F, or Homsap IGHV3-21*02 F;CARDANAMDVW;2;
UK-02-0291-H1_2;Homsap IGHV3-7*01 F;CARGHYGMDVW;2;
UK-03-0003-H1_2;Homsap IGHV3-21*01 F;CARDANGMDVW;2;
UK-03-0058-H1_2;Homsap IGHV3-21*01 F;CARDQNGMDVW;2;
UK-03-0105-H1_2;Homsap IGHV3-21*02 F;CVRDANGMDVW;2;
UK-03-0118-H1_2;Homsap IGHV3-21*01 F;CASDRDGMDVW;2;
UK-03-0126-H1_2;Homsap IGHV3-21*02 F;CARDQTGMDVW;2;
UK-03-0131-H1_2;Homsap IGHV3-21*01 F;CARDQSGMDVW;2;
UK-03-0132-H1_2;Homsap IGHV3-21*01 F;CARDANGMDVW;2;
UK-03-0150-H1_2;Homsap IGHV3-21*01 F;CASDQNGMDVW;2;
UK-03-0151-H1_2;Homsap IGHV3-21*01 F;CASDRNGMDVW;2;
UK-03-0162-H1_2;Homsap IGHV3-21*01 F;CARDQSAMDVW;2;
UK-03-0164-H1_2;Homsap IGHV3-21*01 F, or Homsap IGHV3-21*02 F;CARDANGMDVW;2;
UK-03-0170-H1_2;Homsap IGHV3-21*02 F;CARDQNAMDVW;2;
UK-03-0175-H1_2;Homsap IGHV3-21*01 F, or Homsap IGHV3-21*02 F;CVRDETGMDVW;2;
UK-03-0200-H1_2;Homsap IGHV3-21*01 F;CATDRNGMDVW;2;
UK-03-0210-H1_2;Homsap IGHV3-21*02 F;CARDKTDMDVW;2;
UK-03-0219-H1_2;Homsap IGHV3-21*01 F, or Homsap IGHV3-21*02 F;CARDQSAMDVW;2;
UK-03-0250-H1_2;Homsap IGHV3-21*01 F;CARDANGMDVW;2;
UK-03-0267-H1_2;Homsap IGHV3-21*01 F;CARDANGMDVW;2;
UK-03-0321-H1_2;Homsap IGHV3-21*01 F;CARDRNGMDVW;2;
UK-03-0335-H1_2;Homsap IGHV3-21*01 F;CAGDRNGMDVW;2;
UK-03-0340-H1_2;Homsap IGHV3-21*01 F;CATDRNAMDVW;2;
UK-03-0387-H1_2;Homsap IGHV3-21*01 F;CAGDRNGMDVW;2;
UK-03-0412-H1_2;Homsap IGHV3-21*01 F;CARDANGMDVW;2;
UK-03-0413-H1_2;Homsap IGHV3-21*01 F;CARDQNGMDVW;2;
UK-03-0423-H1_2;Homsap IGHV3-21*01 F;CASDRDGMDVW;2;
UK-03-0440-H1_2;Homsap IGHV3-21*01 F;CARDANAMDVW;2;
UK-03-0452-H1_2;Homsap IGHV3-21*01 F;CARDQSAMDVW;2;
UK-03-0484-H1_2;Homsap IGHV3-21*01 F;CTTDRNAMDVW;2;
US-01-0050-H1_2;Homsap IGHV3-21*01 F, or Homsap IGHV3-21*02 F;CARDQSAMDVW;2;
US-01-0227-H1_2;Homsap IGHV3-21*01 F, or Homsap IGHV3-21*02 F;CARDQNAMDVW;2;
US-01-0338-H1_2;Homsap IGHV3-21*01 F, or Homsap IGHV3-21*02 F;CARDASAMDVW;2;
US-01-0390-H1_2;Homsap IGHV3-21*01 F, or Homsap IGHV3-21*02 F;CAREANGMDVW;2;
US-01-0429-H1_2;Homsap IGHV3-21*01 F, or Homsap IGHV3-21*02 F;CASDSNGMDVW;2;
US-01-0432-H1_2;Homsap IGHV3-21*01 F, or Homsap IGHV3-21*02 F;CARDVNGMDVW;2;
US-01-0447-H1_2;Homsap IGHV3-21*01 F, or Homsap IGHV3-21*02 F;CARDQNGMDVW;2;
US-01-0647-H1_2;Homsap IGHV3-21*01 F, or Homsap IGHV3-21*02 F;CARDANGMDVW;2;
US-01-0664-H1_2;Homsap IGHV3-21*01 F, or Homsap IGHV3-21*02 F;CARDQNVMDVW;2;
US-01-0689-H1_2;Homsap IGHV3-21*01 F, or Homsap IGHV3-21*02 F;CARDANGMDVW;2;
US-01-0767-H1_2;Homsap IGHV3-21*01 F, or Homsap IGHV3-21*02 F;CAVDRNGMDVW;2;
US-01-0843-H1_2;Homsap IGHV3-21*01 F, or Homsap IGHV3-21*02 F;CARDANGMDVW;2;
US-01-0970-H1_2;Homsap IGHV3-21*01 F, or Homsap IGHV3-21*02 F;CASDRDGMDVW;2;
US-01-0984-H1_2;Homsap IGHV3-21*01 F, or Homsap IGHV3-21*02 F;CAVDRSGMDVW;2;
US-01-1010-H1_2;Homsap IGHV3-21*01 F, or Homsap IGHV3-21*02 F;CTTDRNGMDVW;2;
US-01-1053-H1_2;Homsap IGHV3-21*01 F, or Homsap IGHV3-21*02 F;CASDRSGMDVW;2;
US-01-1069-H1_2;Homsap IGHV3-21*01 F, or Homsap IGHV3-21*02 F;CARDADAMDVW;2;
US-01-1071-H1_2;Homsap IGHV3-21*01 F, or Homsap IGHV3-21*02 F;CARDLNGMDVW;2;
US-01-1148-H1_2;Homsap IGHV3-21*01 F, or Homsap IGHV3-21*02 F;CARDANGMDVW;2;
US-01-1161-H1_2;Homsap IGHV3-21*01 F, or Homsap IGHV3-21*02 F;CARDQNAMEVW;2;
US-01-1318-H1_2;Homsap IGHV3-21*01 F;CATDRNAMDVW;2;
US-01-1369-H1_2;Homsap IGHV3-21*01 F, or Homsap IGHV3-21*02 F;CAGDRNGMDVW;2;
AT-01-0081-H1;Homsap IGHV3-23*01 F;CAGRIVSAIVW;;
AT-01-0118-H1;Homsap IGHV3-48*02 F;CARDGVGVPIW;;
AT-01-0124-H1;Homsap IGHV3-15*01 F;CTTAYGAFDYW;;
AT-01-0130-H1;Homsap IGHV3-23*01 F;CAKGDSFQDYW;;
AT-01-0166-H1;Homsap IGHV3-7*01 F;CARGHYGDYDW;;
AT-01-0177-H1;Homsap IGHV3-48*01 F;CARDGVEAPIW;;
CZ-01-0101-H1;Homsap IGHV3-48*02 F;CARDPHSLDYW;;
CZ-01-0110-H1;Homsap IGHV4-34*01 F;CARGQWLDNYW;;
CZ-01-0227-H1;Homsap IGHV3-48*04 F;CARDGVGAPLW;;
CZ-01-0229-H1;Homsap IGHV3-74*01 F, or Homsap IGHV3-74*03 F;CVGGYYSRVYW;;
CZ-01-0280-H1;Homsap IGHV3-48*01 F;CARDGVGAPSW;;
CZ-01-0351-H1;Homsap IGHV3-48*01 F;CARDGVGGPYW;;
CZ-01-0468-H1;Homsap IGHV5-51*03 F;CARGLHGMDVW;;
CZ-01-0672-H1;Homsap IGHV3-72*01 F;CARGKNSFDFW;;
CZ-01-0758-H1;Homsap IGHV4-31*03 F;CARHNGYDRDW;;
CZ-01-0836-H1;Homsap IGHV3-23*01 F, or Homsap IGHV3-23D*01 F;CTGPKYYFDYW;;
CZ-01-0838-H1;Homsap IGHV3-48*03 F;CARGTGTGEVW;;
CZ-01-0866-H1;Homsap IGHV2-5*02 F;CARSRPYFDDW;;
CZ-01-0903-H1;Homsap IGHV3-48*01 F;CARDGVGAPTW;;
CZ-01-0919-H1;Homsap IGHV3-66*02 F;CAGINFGDDYW;;
CZ-01-0959-H1;Homsap IGHV3-15*05 F;CATWFHDFDYW;;
CZ-01-1072-H1;Homsap IGHV3-7*01 F, or Homsap IGHV3-7*03 F;CARGYITVGPW;;
CZ-01-1089-H1;Homsap IGHV4-34*01 F, or Homsap IGHV4-34*08 F;CARGQWLDNYW;;
CZ-01-1126-H1;Homsap IGHV3-48*03 F;CARGTGSGQYW;;
CZ-01-1158-H1;Homsap IGHV3-23*04 F;CACEKAGFDYW;;
CZ-01-1165-H1;Homsap IGHV3-15*01 F, or Homsap IGHV3-15*02 F or Homsap IGHV3-15*04 F;CVAGGHWFGLW;;
CZ-01-1319-H1;Homsap IGHV4-34*02 F;CARGRTVYDYW;;
CZ-01-1337-H1;Homsap IGHV3-13*04 F;CARGSVGFDPW;;
DE-01-0010-H1;Homsap IGHV3-48*04 F;CASSGVGRDYW;;
DE-01-0020-H1;Homsap IGHV3-48*02 F;CARDGVGEPSW;;
DE-01-0187-H1;Homsap IGHV3-15*01 F, or Homsap IGHV3-15*02 F;CTTFIQSGNYW;;
DE-01-0200-H1;Homsap IGHV3-21*01 F, or Homsap IGHV3-21*02 F;CARDETAMGNW;;
DE-01-0323-H1;Homsap IGHV3-15*01 F, or Homsap IGHV3-15*02 F;CTTTPGTRDYW;;
DE-01-0345-H1;Homsap IGHV3-48*01 F;CARDGVGVPFW;;
DE-01-0365-H1;Homsap IGHV3-7*03 F;CARDAQPEDYW;;
DE-01-0423-H1;Homsap IGHV3-48*02 F;CARDGVGVPIW;;
DE-01-0429-H1;Homsap IGHV3-48*02 F;CARDGVGAPTW;;
DE-01-0460-H1;Homsap IGHV4-34*01 F, or Homsap IGHV4-34*02 F;CAGRILGLLLW;;
DE-01-0514-H1;Homsap IGHV3-21*01 F, or Homsap IGHV3-21*02 F;CARDANGVASW;;
DE-02-0041-H1;Homsap IGHV3-30-3*01 F, or Homsap IGHV3-30-3*02 F (see comment);CARDSLGADYW;;
DE-02-0120-H1;Homsap IGHV3-48*01 F;CATDGVGAPHW;;
DE-02-0127-H1;Homsap IGHV3-53*01 F, or Homsap IGHV3-53*02 F;CARGPGLFDYW;;
DE-02-0177-H1;Homsap IGHV3-48*04 F;CASDGVGTPTW;;
DE-02-0257-H1;Homsap IGHV3-15*01 F, or Homsap IGHV3-15*02 F;CSSGNYHVDVW;;
DE-02-0267-H1;Homsap IGHV3-48*02 F;CARDGVGGPYW;;
DE-02-0281-H1;Homsap IGHV3-48*02 F;CARDGVGVPIW;;
DE-02-0423-H1;Homsap IGHV3-48*02 F;CMREWFGEFDW;;
DE-02-0438-H1;Homsap IGHV1-69*01 F, or Homsap IGHV1-69D*01 F;CEIAAAGTPNW;;
DE-02-0506-H1;Homsap IGHV3-48*02 F;CARDGVGAPHW;;
DE-02-0556-H1;Homsap IGHV3-48*03 F;CAGGYTYAAYW;;
DE-02-0612-H1;Homsap IGHV3-7*01 F;CARDYGANDYW;;
DE-02-0659-H1;Homsap IGHV3-15*01 F, or Homsap IGHV3-15*02 F;CTPHGRELGNW;;
DE-02-0664-H1;Homsap IGHV4-34*02 F;CARIGLGIDFW;;
DE-02-0669-H1;Homsap IGHV3-74*01 F;CTRGGRAIDIW;;
DE-02-0707-H1;Homsap IGHV1-3*01 F;CARDGGRWDSW;;
DE-02-0713-H1;Homsap IGHV3-48*01 F;CAGERTSNILW;;
DE-02-0778-H1;Homsap IGHV3-7*01 F;CVEMATVVGYW;;
DE-02-0852-H1;Homsap IGHV6-1*01 F;CVGGNGVFDQW;;
DE-02-0964-H1;Homsap IGHV3-23*01 F, or Homsap IGHV3-23D*01 F;CAKWAQYFDLW;;
DE-02-0975-H1;Homsap IGHV3-21*01 F, or Homsap IGHV3-21*02 F;CARDETAMGAW;;
DE-02-1007-H1;Homsap IGHV3-7*03 F;CSRGGNWLESW;;
DE-02-1107-H1;Homsap IGHV4-34*01 F, or Homsap IGHV4-34*02 F;CARGGSGSYDW;;
DE-02-1139-H1;Homsap IGHV3-72*01 F;CVRGHWGFDYW;;
DE-02-1252-H1;Homsap IGHV1-24*01 F;CATMEAAAAPW;;
DE-02-1367-H1;Homsap IGHV1-46*01 F, or Homsap IGHV1-46*03 F;CARESNSADLW;;
DE-02-1484-H1;Homsap IGHV4-34*03 F;CARRIAWFDPW;;
DE-02-1584-H1;Homsap IGHV3-7*01 F;CARDTAGHDYW;;
DE-02-1660-H1;Homsap IGHV1-8*01 F;CASGSYPPRYW;;
DE-02-1668-H1;Homsap IGHV3-15*01 F, or Homsap IGHV3-15*02 F;CTTGRGYGDYW;;
DE-02-1718-H1;Homsap IGHV3-48*02 F;CARDGVGAPTW;;
DE-02-1733-H1;Homsap IGHV3-66*02 F;CASGNSGTYSW;;
DE-02-1787-H1;Homsap IGHV3-64D*06 F;CVKVGGYYDYW;;
DE-02-2456-H1;Homsap IGHV3-48*02 F;CARDGVGVPYW;;
DE-02-2521-H1;Homsap IGHV3-15*01 F, or Homsap IGHV3-15*02 F or Homsap IGHV3-15*07 F;CTSWYRDFDYW;;
DE-02-2557-H1;Homsap IGHV3-48*02 F;CARDGVGAPAW;;
DE-02-2582-H1;Homsap IGHV1-8*02 F;CVSRLPHGEYW;;
DE-02-2610-H1;Homsap IGHV6-1*01 F, or Homsap IGHV6-1*02 F;CTRQTSKFDYW;;
DE-02-2701-H1;Homsap IGHV3-30*03 F, or Homsap IGHV3-30*18 F;CMSRSDAFDSW;;
DE-02-2714-H1;Homsap IGHV3-15*01 F, or Homsap IGHV3-15*02 F;CTTGRYHFDYW;;
DE-02-2875-H1;Homsap IGHV3-15*07 F (see comment);CFTSGMGISTW;;
DE-02-2956-H1;Homsap IGHV3-48*03 F;CARDGSYSQQW;;
DE-02-3098-H1;Homsap IGHV3-74*01 F, or Homsap IGHV3-74*03 F;CASDPGDFDYW;;
DE-02-3119-H1;Homsap IGHV3-48*01 F;CARDGVGAPLW;;
DE-02-3240-H1;Homsap IGHV3-48*02 F;CATITGTTGCW;;
DE-02-3463-H1;Homsap IGHV3-48*01 F;CARDGVGAPLW;;
DE-02-3480-H1;Homsap IGHV3-66*01 F, or Homsap IGHV3-66*04 F;CARGDSNFDYW;;
DE-02-3486-H1;Homsap IGHV3-48*04 F;CARDGVGGPIW;;
DE-02-3498-H1;Homsap IGHV3-48*02 F;CARGGNSPGYW;;
DE-02-3607-H1;Homsap IGHV4-61*02 F;CARDYDYFDFW;;
DE-02-3753-H1;Homsap IGHV3-72*01 F;CACSFTYYKYW;;
DE-02-3850-H1;Homsap IGHV3-7*01 F;CARDQGYVKYW;;
DE-02-3992-H1;Homsap IGHV1-3*01 F;CARDTPPLDYW;;
DE-02-4068-H1;Homsap IGHV3-7*01 F;CASGYSYVDYW;;
DE-02-4135-H1;Homsap IGHV3-15*01 F;CTTGRTYFDYW;;
DE-02-4145-H1;Homsap IGHV3-15*01 F, or Homsap IGHV3-15*02 F;CTTSGVYMDVW;;
DE-02-4170-H1;Homsap IGHV3-48*03 F;CASGPTGGDYW;;
DE-02-4184-H1;Homsap IGHV3-48*03 F;CARDSRSGFDW;;
DE-02-4204-H1;Homsap IGHV3-21*01 F, or Homsap IGHV3-21*02 F;CASAAPSSIIW;;
DE-02-4248-H1;Homsap IGHV3-74*01 F, or Homsap IGHV3-74*02 F;CAREYQAFDIW;;
DE-02-4257-H1;Homsap IGHV3-48*02 F;CARDGVGAPVW;;
DE-02-4351-H1;Homsap IGHV1-69*02 F;CAREGAHPDYW;;
DE-02-4360-H1;Homsap IGHV3-23*01 F, or Homsap IGHV3-23*04 F or Homsap IGHV3-23D*01 F;CAKGDNALEIW;;
DE-02-4392-H1;Homsap IGHV3-15*01 F;CTTAYGAFDYW;;
DE-02-4420-H1;Homsap IGHV3-48*01 F;CATDGPDAPVW;;
DE-02-4499-H1;Homsap IGHV3-72*01 F;CVRWDNGRPCW;;
DE-02-4504-H1;Homsap IGHV3-48*04 F;CARDGVGAPHW;;
DE-02-4573-H1;Homsap IGHV5-51*01 F, or Homsap IGHV5-51*03 F;CARRNPNFDYW;;
DE-02-4835-H1;Homsap IGHV3-48*02 F;CARDGVGAPYW;;
DE-02-4837-H1;Homsap IGHV3-33*03 F;CAKEYDAFDLW;;
DE-02-4848-H1;Homsap IGHV3-48*02 F;CARDGAGAPIW;;
DE-02-4946-H1;Homsap IGHV4-34*01 F;CARGPTGCDVW;;
DE-02-4958-H1;Homsap IGHV4-30-2*01 F;CASYDYGVGYW;;
DE-02-4985-H1;Homsap IGHV3-48*02 F;CARDGVGAPYW;;
DE-02-5109-H1;Homsap IGHV3-48*02 F;CARDGVGGPHW;;
DE-02-5154-H1;Homsap IGHV3-7*03 F;CARGRGYFDYW;;
DE-03-0030-H1;Homsap IGHV2-26*01 F;CSRKDGTFDYW;;
DE-03-0063-H1;Homsap IGHV3-48*04 F;CASSGVGIDYW;;
DE-03-0387-H1;Homsap IGHV3-74*01 F, or Homsap IGHV3-74*02 F;CARGEITTETW;;
DE-03-0390-H1;Homsap IGHV3-7*03 F;CVRYGANIDFW;;
DE-03-0452-H1;Homsap IGHV4-34*01 F, or Homsap IGHV4-34*02 F or Homsap IGHV4-34*12 F;CARGTGDLDLW;;
DE-03-0489-H1;Homsap IGHV6-1*01 F, or Homsap IGHV6-1*02 F;CARESPAFDIW;;
DE-03-0511-H1;Homsap IGHV3-23*01 F, or Homsap IGHV3-23*04 F or Homsap IGHV3-23D*01 F or Homsap IGHV3-23D*02 F;CAIYNWGYDSW;;
DE-03-0545-H1;Homsap IGHV4-34*01 F, or Homsap IGHV4-34*02 F;CASGTLAFDPW;;
DE-03-0601-H1;Homsap IGHV6-1*01 F, or Homsap IGHV6-1*02 F;CTREVGYFDYW;;
DE-03-0639-H1;Homsap IGHV3-48*03 F;CARDSRSGYDW;;
DE-03-0681-H1;Homsap IGHV3-48*03 F;CARGGGGFDYW;;
DE-03-0745-H1;Homsap IGHV3-7*01 F, or Homsap IGHV3-7*03 F;CARAVGHHSGW;;
DE-03-1149-H1;Homsap IGHV3-53*01 F, or Homsap IGHV3-53*02 F;CARAPASLDYW;;
DE-03-1188-H1;Homsap IGHV3-72*01 F;CASSLNYYLYW;;
DE-03-1226-H1;Homsap IGHV3-48*01 F;CARDGVDAPHW;;
DE-03-1288-H1;Homsap IGHV6-1*01 F, or Homsap IGHV6-1*02 F;CVRGSKLFDPW;;
DE-03-1305-H1;Homsap IGHV3-48*03 F;CAREYGPLNLW;;
DE-03-1440-H1;Homsap IGHV3-30*03 F, or Homsap IGHV3-30*18 F or Homsap IGHV3-30-5*01 F;CAKESDAFDIW;;
DE-03-1473-H1;Homsap IGHV4-59*01 F;CARGASSYDYW;;
DE-03-1515-H1;Homsap IGHV3-9*01 F;CAKDNTNSYYW;;
DE-03-1518-H1;Homsap IGHV6-1*01 F;CTRGVIYNDCW;;
DE-03-1525-H1;Homsap IGHV3-23*01 F, or Homsap IGHV3-23*04 F or Homsap IGHV3-23D*01 F or Homsap IGHV3-23D*02 F;CTQGLRDLDYW;;
DE-03-1683-H1;Homsap IGHV1-46*01 F, or Homsap IGHV1-46*03 F;CAGGGYYADYW;;
DE-03-1688-H1;Homsap IGHV3-30*03 F, or Homsap IGHV3-30*04 F or Homsap IGHV3-30*15 F or Homsap IGHV3-30*18 F or Homsap IGHV3-30-3*03 F or Homsap IGHV3-30-5*01 F;CAKETDAFDIW;;
DE-03-1716-H1;Homsap IGHV4-34*01 F, or Homsap IGHV4-34*12 F;CVRGQWLDNYW;;
DE-03-1719-H1;Homsap IGHV3-48*02 F;CARNTGPLDYW;;
DE-03-1726-H1;Homsap IGHV3-48*01 F;CARGGAESDYW;;
DE-03-1845-H1;Homsap IGHV3-15*01 F, or Homsap IGHV3-15*02 F;CTTVQTFFDIW;;
DE-03-1984-H1;Homsap IGHV6-1*01 F;CARGWFNFDHW;;
DE-03-2034-H1;Homsap IGHV3-48*03 F;CTREGVRPGLW;;
DE-03-2047-H1;Homsap IGHV3-48*03 F;CARVIVGLDYW;;
DE-03-2069-H1;Homsap IGHV6-1*01 F;CAREDGYFDFW;;
DE-03-2129-H1;Homsap IGHV3-48*02 F;CVRDPDALDSW;;
DE-03-2184-H1;Homsap IGHV3-48*03 F;CSRGPTGGDYW;;
DE-03-2330-H1;Homsap IGHV3-7*01 F;CAREGSYPSYW;;
DE-03-2460-H1;Homsap IGHV3-48*03 F;CARGTGMGDYW;;
DE-03-2510-H1;Homsap IGHV3-48*03 F;CARGTGAGDYW;;
DE-03-2793-H1;Homsap IGHV3-15*07 F;CTTWFHDFSIW;;
DE-03-3003-H1;Homsap IGHV3-23*01 F, or Homsap IGHV3-23*04 F or Homsap IGHV3-23D*01 F or Homsap IGHV3-23D*02 F;CAKVAAAFDLW;;
DE-03-3079-H1;Homsap IGHV3-15*01 F, or Homsap IGHV3-15*02 F;CTTDASTGGYW;;
DE-03-3143-H1;Homsap IGHV3-74*01 F, or Homsap IGHV3-74*02 F;CAREEGSLDNW;;
DE-03-3202-H1;Homsap IGHV3-7*01 F;CVNGHFDHPYW;;
DE-03-3244-H1;Homsap IGHV3-15*01 F, or Homsap IGHV3-15*02 F;CTTGRSNVDYW;;
DE-03-3264-H1;Homsap IGHV4-59*08 F;CARLYDSVDYW;;
DE-03-3387-H1;Homsap IGHV3-30-3*01 F;CARDNWGFDCW;;
DE-03-3396-H1;Homsap IGHV3-73*01 F, or Homsap IGHV3-73*02 F;CTCISGTTDYW;;
DE-03-3447-H1;Homsap IGHV3-48*01 F;CARDGGDTPIW;;
DE-03-3505-H1;Homsap IGHV1-46*01 F, or Homsap IGHV1-46*03 F;CTKESDSFDNW;;
DE-03-3596-H1;Homsap IGHV5-51*01 F, or Homsap IGHV5-51*03 F;CARRDYTFDYW;;
DE-03-3677-H1;Homsap IGHV3-23*01 F, or Homsap IGHV3-23D*01 F;CARGASGPDYW;;
DE-03-3685-H1;Homsap IGHV3-48*03 F;CAREMGPIDYW;;
DE-03-3751-H1;Homsap IGHV3-48*03 F;CARGALGLDYW;;
DE-03-3873-H1;Homsap IGHV3-74*01 F, or Homsap IGHV3-74*02 F or Homsap IGHV3-74*03 F;CARDPGPEDIW;;
DE-03-3927-H1;Homsap IGHV4-39*01 F, or Homsap IGHV4-39*02 F;CARHRGAIDNW;;
DE-03-3996-H1;Homsap IGHV3-23*01 F, or Homsap IGHV3-23*04 F or Homsap IGHV3-23D*01 F or Homsap IGHV3-23D*02 F;CAQDLGLGGAW;;
DE-03-4011-H1;Homsap IGHV3-23*01 F, or Homsap IGHV3-23*04 F or Homsap IGHV3-23D*01 F or Homsap IGHV3-23D*02 F;CAMQLWDQGSW;;
DE-03-4057-H1;Homsap IGHV3-48*01 F;CATDGVGAPIW;;
DE-03-4083-H1;Homsap IGHV6-1*01 F;CAREVGYFDFW;;
DE-03-4086-H1;Homsap IGHV3-23*01 F, or Homsap IGHV3-23*04 F or Homsap IGHV3-23D*01 F or Homsap IGHV3-23D*02 F;CAKEEVPNDYW;;
DE-03-4134-H1;Homsap IGHV4-34*01 F;CARGQWLDNYW;;
DE-03-4191-H1;Homsap IGHV3-15*01 F, or Homsap IGHV3-15*02 F;CTTWYHDYDYW;;
DE-03-4292-H1;Homsap IGHV3-74*01 F, or Homsap IGHV3-74*02 F or Homsap IGHV3-74*03 F;CASLYHGLDVW;;
DE-03-4294-H1;Homsap IGHV3-74*01 F, or Homsap IGHV3-74*02 F;CARDEGVAANW;;
DE-03-4354-H1;Homsap IGHV3-64D*06 F;CVKVRGYYYNW;;
DE-03-4420-H1;Homsap IGHV3-23*01 F, or Homsap IGHV3-23*04 F or Homsap IGHV3-23D*01 F or Homsap IGHV3-23D*02 F;CAHVGVAGAYW;;
DE-03-4587-H1;Homsap IGHV3-21*01 F, or Homsap IGHV3-21*02 F;CARDQVAGDYW;;
DE-03-4712-H1;Homsap IGHV4-4*02 F;CAEGDGAFDFW;;
DE-03-4797-H1;Homsap IGHV3-30*03 F, or Homsap IGHV3-30*18 F or Homsap IGHV3-30-5*01 F;CAKGWYAFDIW;;
DK-01-0170-H1;Homsap IGHV4-61*02 F;CARGSSSWSYW;;
DK-01-0198-H1;Homsap IGHV3-30-3*01 F;CAREGSGIDYW;;
DK-01-0305-H1;Homsap IGHV3-23*01 F, or Homsap IGHV3-23D*01 F;CAKDLGIGDYW;;
DK-01-0326-H1;Homsap IGHV3-7*01 F;CATGYTSHVNW;;
DK-01-0353-H1;Homsap IGHV3-48*01 F;CARDGVGAPAW;;
DK-01-0371-H1;Homsap IGHV3-48*03 F;CARGTGAGDYW;;
DK-01-0382-H1;Homsap IGHV3-23*01 F, or Homsap IGHV3-23*02 F or Homsap IGHV3-23D*01 F;CARSQGYFDFW;;
DK-01-0428-H1;Homsap IGHV3-48*02 F;CARDGVGPPSW;;
DK-01-0441-H2;Homsap IGHV3-48*01 F;CARGPGSFDFW;;
DK-01-0484-H1;Homsap IGHV3-72*01 F;CVRGHNSFDCW;;
DK-01-0744-H2;Homsap IGHV4-4*07 F;CARGGPQFEFW;;
DK-01-0815-H1;Homsap IGHV3-7*01 F;CVRGGGAFDPW;;
DK-01-0841-H1;Homsap IGHV3-74*01 F;CGRINYSDDSW;;
DK-01-0848-H1;Homsap IGHV3-48*04 F;CARDGVGAPAW;;
ES-01-0193-H1;Homsap IGHV3-48*03 F;CARDFIASANW;;
ES-01-0215-H1;Homsap IGHV3-7*01 F;CARDYEGGDYW;;
ES-01-0283-H1;Homsap IGHV4-34*02 F;CARGSGKFYYW;;
ES-01-0286-H1;Homsap IGHV3-73*02 F;CIGRESLATSW;;
ES-01-0351-H1;Homsap IGHV3-7*01 F;CARDGWYFDLW;;
ES-01-0358-H1;Homsap IGHV4-59*01 F;CASHDDYVNYW;;
ES-01-0372-H1;Homsap IGHV4-4*02 F;CATHPDTFRIW;;
ES-01-0442-H1;Homsap IGHV3-48*02 F;CARDGVGGPYW;;
ES-01-0547-H1;Homsap IGHV3-74*01 F;CARTKTNFDYW;;
ES-01-0598-H1;Homsap IGHV5-51*03 F;CARQSGGYDYW;;
ES-01-0602-H1;Homsap IGHV3-7*01 F;CATRGWYFDFW;;
ES-01-0609-H1;Homsap IGHV3-48*01 F;CATDGPDAPVW;;
ES-01-0633-H1;Homsap IGHV4-34*01 F;CARGSGKLPYW;;
ES-01-0654-H1;Homsap IGHV3-15*01 F, or Homsap IGHV3-15*02 F or Homsap IGHV3-15*04 F;CVPSPRVAANW;;
ES-01-0665-H1;Homsap IGHV4-34*02 F;CARAYSGMDVW;;
FR-01-0037-H1;Homsap IGHV3-48*02 F;CARDGVGRPLW;;
FR-01-0395-H1;Homsap IGHV3-23*05 F;CATTTGYCDVW;;
FR-01-0481-H1;Homsap IGHV3-72*01 F;CGRGKGVLDVW;;
FR-01-0494-H1;Homsap IGHV3-15*01 F;CTEGRSNFDYW;;
FR-01-0581-H1;Homsap IGHV6-1*01 F;CARDNWGFDCW;;
FR-01-0642-H1;Homsap IGHV3-21*01 F, or Homsap IGHV3-21*02 F;CVVDKNGMDIW;;
FR-01-0728-H1;Homsap IGHV3-72*01 F;CVSSLNYYNYW;;
FR-01-0795-H1;Homsap IGHV3-23*01 F, or Homsap IGHV3-23*04 F or Homsap IGHV3-23D*01 F;CATGWSHFEIW;;
FR-01-0814-H1;Homsap IGHV6-1*01 F;CAREVRGFDIW;;
FR-01-0864-H1;Homsap IGHV3-21*01 F, or Homsap IGHV3-21*02 F;CASDGVGAPSW;;
FR-01-0945-H1;Homsap IGHV3-48*01 F;CARDGEGAPAW;;
FR-01-1080-H1;Homsap IGHV5-51*03 F;CARHGAGADYW;;
FR-01-1082-H1;Homsap IGHV4-34*01 F, or Homsap IGHV4-34*02 F or Homsap IGHV4-34*07 F;CARGRWFDNNW;;
FR-01-1143-H2;Homsap IGHV5-51*01 F, or Homsap IGHV5-51*03 F;CARHAGGFDTW;;
FR-01-1171-H1;Homsap IGHV3-49*04 F;CNRSPRLMDVW;;
FR-01-1289-H1;Homsap IGHV3-48*02 F;CARDGEGPTVW;;
GR-01-0078-H1;Homsap IGHV3-33*01 F, or Homsap IGHV3-33*06 F;CARDWELLDYW;;
GR-01-0129-H1;Homsap IGHV4-59*01 F;CARDYKWLDYW;;
GR-01-0139-H1;Homsap IGHV4-59*01 F;CAREDWYFDLW;;
GR-01-0191-H1;Homsap IGHV4-34*02 F;CARGQWLDNYW;;
GR-01-0210-H1;Homsap IGHV4-34*01 F;CARGALGQDVW;;
GR-01-0215-H1;Homsap IGHV3-48*03 F;CARGGSPPGYW;;
GR-01-0236-H1;Homsap IGHV3-30*03 F, or Homsap IGHV3-30*18 F;CANGGNMAEYW;;
GR-01-0242-H1;Homsap IGHV4-34*01 F;CTRGSGKMVYW;;
GR-01-0265-H1;Homsap IGHV3-7*03 F;CVRGRYAVDVW;;
GR-01-0373-H1;Homsap IGHV3-48*02 F;CARDGVGAPLW;;
GR-01-0471-H1;Homsap IGHV3-73*01 F;CAGYVTGADYW;;
GR-01-0493-H1;Homsap IGHV3-7*01 F;CATSNGAFDYW;;
GR-01-0592-H1;Homsap IGHV3-49*04 F;CTRGEQLAHHW;;
GR-01-0607-H1;Homsap IGHV3-11*01 F;CARGEAWFDPW;;
GR-01-0622-H1;Homsap IGHV3-48*03 F;CATTYSASPKW;;
GR-01-0699-H1;Homsap IGHV3-72*01 F;CRVLFPHFDSW;;
GR-01-0794-H1;Homsap IGHV3-66*02 F;CARDLTWSGLW;;
GR-01-0858-H1;Homsap IGHV3-23*01 F, or Homsap IGHV3-23D*01 F;CAKAPDDFYCW;;
GR-01-0872-H1;Homsap IGHV3-48*02 F;CASDGVGAPYW;;
GR-01-0890-H1;Homsap IGHV3-7*02 F, or Homsap IGHV3-7*03 F;CARSRFTIDSW;;
GR-02-0033-H1;Homsap IGHV3-72*01 F;CLRGTHSFDYW;;
GR-02-0106-H1;Homsap IGHV3-74*01 F, or Homsap IGHV3-74*02 F;CARSYPDFDYW;;
GR-02-0235-H1;Homsap IGHV4-34*01 F;CARVERWFDPW;;
GR-02-0401-H1;Homsap IGHV3-7*01 F;CVRDTWLDFYW;;
GR-02-0564-H1;Homsap IGHV4-34*01 F, or Homsap IGHV4-34*12 F;CAAKVHSVHYW;;
GR-02-0683-H1;Homsap IGHV5-51*01 F;CARRNTGYDTW;;
GR-02-0744-H1;Homsap IGHV3-48*03 F;CARGTGMGDYW;;
GR-03-0238-H1;Homsap IGHV3-48*02 F;CARDGVGGPSW;;
GR-03-0239-H1;Homsap IGHV3-48*02 F;CAKSLTFLDYW;;
IT-01-0050-H1;Homsap IGHV3-15*01 F;CTTWYGDYDYW;;
IT-01-0206-H1;Homsap IGHV4-31*03 F;CARDIPPLDYW;;
IT-01-0233-H1;Homsap IGHV3-7*01 F;CARGNLRYYYW;;
IT-01-0271-H1;Homsap IGHV3-49*03 F, or Homsap IGHV3-49*05 F;CTKTVRGVEHW;;
IT-01-0368-H1;Homsap IGHV3-72*01 F;CVRGYMGFDPW;;
IT-01-0380-H1;Homsap IGHV3-48*04 F;CAKDLSDQPVW;;
IT-02-0033-H1;Homsap IGHV5-51*01 F;CARGVHTFDPW;;
IT-02-0118-H1;Homsap IGHV3-23*01 F, or Homsap IGHV3-23*04 F or Homsap IGHV3-23D*01 F;CVRGRYSPDLW;;
IT-02-0176-H1;Homsap IGHV3-7*01 F;CARDRATSDYW;;
IT-02-0281-H1;Homsap IGHV3-15*07 F;CFTTFTSRWSW;;
IT-02-0363-H1;Homsap IGHV4-59*02 F, or Homsap IGHV4-59*03 F or Homsap IGHV4-61*01 F or Homsap IGHV4-61*03 F (see comment);CAKGGEWAESW;;
IT-02-0471-H1;Homsap IGHV4-34*02 F;CARGQWLDPYW;;
IT-02-0477-H1;Homsap IGHV4-4*02 F;CAKIRVGQEDW;;
IT-02-0552-H1;Homsap IGHV3-48*03 F;CARDSNGPPKW;;
IT-02-0577-H1;Homsap IGHV4-61*02 F;CARGHTWFDPW;;
IT-02-0644-H1;Homsap IGHV3-74*01 F, or Homsap IGHV3-74*02 F;CTTAVSGRPIW;;
IT-02-0668-H1;Homsap IGHV3-72*01 F;CARGKNSFDYW;;
IT-02-0680-H1;Homsap IGHV4-34*02 F;CARGLGGRSPW;;
IT-02-0687-H1;Homsap IGHV3-23*01 F, or Homsap IGHV3-23D*01 F;CAKGRQFFDPW;;
IT-02-0711-H1;Homsap IGHV3-7*01 F;CAGTSSYLNCW;;
IT-02-0746-H1;Homsap IGHV3-72*01 F;CARGHNSFDYW;;
IT-05-0019-H1;Homsap IGHV3-48*03 F;CARGKVWFDPW;;
IT-05-0066-H1;Homsap IGHV3-48*03 F;CARDFVVPARW;;
IT-05-0073-H1;Homsap IGHV3-7*02 F, or Homsap IGHV3-7*03 F;CARGYTASASW;;
IT-05-0165-H1;Homsap IGHV3-66*01 F, or Homsap IGHV3-66*04 F;CATWMYPSDYW;;
IT-05-0223-H1;Homsap IGHV3-48*03 F;CARASLGFDYW;;
IT-05-0225-H1;Homsap IGHV1-18*04 F;CARDRSNSDYW;;
IT-05-0269-H1;Homsap IGHV1-2*02 F;CAGASGNSDYW;;
IT-06-0037-H1;Homsap IGHV3-23*01 F, or Homsap IGHV3-23D*01 F;CAKDLGIGDCW;;
IT-06-0064-H1;Homsap IGHV3-7*03 F;CGITGQKSDYW;;
IT-06-0109-H1;Homsap IGHV6-1*01 F;CARDQGGMDVW;;
IT-06-0112-H1;Homsap IGHV2-70*11 F;CARIWNGMDVW;;
IT-06-0200-H1;Homsap IGHV3-48*03 F;CARGTGAGDYW;;
IT-06-0211-H1;Homsap IGHV3-7*01 F;CARGWKYPDYW;;
IT-07-0105-H1;Homsap IGHV3-23*01 F, or Homsap IGHV3-23D*01 F;CAKSWGTFDFW;;
IT-07-0240-H1;Homsap IGHV3-23*01 F, or Homsap IGHV3-23D*01 F;CAGDVTGFDYW;;
IT-07-0265-H1;Homsap IGHV1-3*01 F;CANLGGPTRSW;;
IT-07-0283-H1;Homsap IGHV3-74*03 F;CARENYGVDYW;;
NL-01-0003-H1;Homsap IGHV3-7*01 F;CRSALGGSDYW;;
NL-01-0007-H1;Homsap IGHV3-21*01 F, or Homsap IGHV3-21*02 F;CARDQVAGDYW;;
NL-01-0086-H2;Homsap IGHV6-1*01 F, or Homsap IGHV6-1*02 F;CARDQGAFNSW;;
NL-01-0141-H1;Homsap IGHV3-48*01 F, or Homsap IGHV3-48*02 F;CARDQDHADYW;;
NL-01-0162-H1;Homsap IGHV3-23*01 F, or Homsap IGHV3-23*04 F or Homsap IGHV3-23D*01 F (see comment);CTKGGLGDRYW;;
NL-01-0270-H1;Homsap IGHV3-23*01 F, or Homsap IGHV3-23*04 F or Homsap IGHV3-23D*01 F;CAKDLGLGESW;;
NL-01-0292-H1;Homsap IGHV3-23*01 F, or Homsap IGHV3-23*04 F or Homsap IGHV3-23D*01 F;CAGDVTGFDYW;;
NL-01-0319-H1;Homsap IGHV3-23*01 F, or Homsap IGHV3-23*04 F or Homsap IGHV3-23D*01 F;CANLGVGNDYW;;
NL-01-0559-H1;Homsap IGHV3-48*03 F;CARGAGAGDHW;;
NL-01-0588-H1;Homsap IGHV3-30*03 F, or Homsap IGHV3-30*18 F;CARETTGKDYW;;
NL-01-0596-H1;Homsap IGHV3-73*01 F, or Homsap IGHV3-73*02 F;CVRHLETIDYW;;
NL-01-0607-H1;Homsap IGHV3-7*01 F;CARDSGSCDYW;;
NL-04-0078-H1;Homsap IGHV4-59*01 F;CARGAHTLDYW;;
NY-01-0010-H1;Homsap IGHV3-7*03 F;CARGAYYFGYW;;
NY-01-0216-H1;Homsap IGHV3-48*01 F;CARDGVGGPHW;;
NY-01-0226-H1;Homsap IGHV3-7*03 F;CARGNTLLDPW;;
NY-01-0396-H1;Homsap IGHV3-48*01 F;CARGTFIVAAW;;
NY-01-0734-H1;Homsap IGHV3-23*01 F, or Homsap IGHV3-23D*01 F;CAKGYFDFHFW;;
NY-01-0827-H1;Homsap IGHV4-30-2*01 F;CARGGDGYFSW;;
NY-01-0839-H1;Homsap IGHV4-59*01 F;CARGMNDFWNW;;
NY-01-0866-H1;Homsap IGHV1-69*01 F, or Homsap IGHV1-69D*01 F;CAEERWLQFTW;;
NY-01-1081-H1;Homsap IGHV3-72*01 F;CVSSQNYYSYW;;
NY-01-1119-H1;Homsap IGHV4-39*01 F;CARRSGSYLHW;;
PL-01-0012-H1;Homsap IGHV6-1*01 F, or Homsap IGHV6-1*02 F;CARGDGVVDYW;;
PL-01-0035-H1;Homsap IGHV3-74*01 F, or Homsap IGHV3-74*02 F;CVRGDWGSGHW;;
PL-01-0068-H1;Homsap IGHV3-48*02 F, or Homsap IGHV3-48*04 F;CATDGVGAPYW;;
PL-01-0256-H1;Homsap IGHV5-51*01 F, or Homsap IGHV5-51*03 F;CARLSSGVDYW;;
RU-01-0038-H1;Homsap IGHV3-23*01 F, or Homsap IGHV3-23D*01 F;CAKGLTTLDYW;;
RU-01-0115-H1;Homsap IGHV3-48*01 F, or Homsap IGHV3-48*02 F;CATGREGHDYW;;
RU-01-0178-H1;Homsap IGHV3-49*04 F;CIRAAGELDFW;;
RU-01-0362-H1;Homsap IGHV4-4*07 F;CARDLYYFDFW;;
SE-01-0054-H1;Homsap IGHV3-7*01 F;CAKNRSNLDAW;;
SE-01-0064-H1;Homsap IGHV3-15*01 F, or Homsap IGHV3-15*02 F;CVEGRSYVDYW;;
SE-01-0068-H1;Homsap IGHV1-8*01 F;CARGLSQGDYW;;
SE-01-0329-H1;Homsap IGHV3-48*03 F;CAGFVVTEAYW;;
SE-01-0337-H1;Homsap IGHV3-15*05 F;CTTWFHDFDYW;;
SE-01-0378-H1;Homsap IGHV3-20*01 F, or Homsap IGHV3-20*02 ORF;CARGRWEFKYW;;
SE-01-0416-H1;Homsap IGHV3-30*01 F;CVRDDYGGGDW;;
SE-01-0490-H1;Homsap IGHV3-48*03 F;CARGTGAGDYW;;
SE-01-0616-H1;Homsap IGHV3-15*01 F, or Homsap IGHV3-15*02 F;CTTGEQLVENW;;
SE-01-0622-H1;Homsap IGHV3-7*01 F;CARGRTTYDYW;;
SE-01-0708-H1;Homsap IGHV6-1*01 F, or Homsap IGHV6-1*02 F;CARGTNDFDYW;;
SE-01-0791-H1;Homsap IGHV3-72*01 F;CARGYNSFDSW;;
SE-01-0793-H1;Homsap IGHV5-51*01 F;CARHLGVTYYW;;
SE-01-0836-H1;Homsap IGHV3-23*01 F, or Homsap IGHV3-23D*01 F;CAGGETTFEYW;;
SE-01-0903-H1;Homsap IGHV3-23*01 F, or Homsap IGHV3-23*04 F or Homsap IGHV3-23D*01 F;CAADITGFDSW;;
SE-01-1142-H1;Homsap IGHV3-7*01 F;CARDWLWWDYW;;
SE-01-1222-H1;Homsap IGHV6-1*01 F, or Homsap IGHV6-1*02 F;CARESPAFDYW;;
SE-01-1244-H2;Homsap IGHV4-61*02 F;CARGEVVAEYW;;
SE-01-1247-H1;Homsap IGHV4-4*02 F, or Homsap IGHV4-4*03 F or Homsap IGHV4-4*05 F;CARGTDWADNW;;
SR-01-0002-H1;Homsap IGHV3-48*01 F;CAMGEYRTSFW;;
SR-01-0163-H1;Homsap IGHV3-48*02 F;CARDGVGAPYW;;
UK-01-0044-H1;Homsap IGHV1-24*01 F;CARGSQEGSSW;;
UK-01-0362-H1;Homsap IGHV5-51*01 F, or Homsap IGHV5-51*03 F;CGRHDSRGFHW;;
UK-01-0463-H1;Homsap IGHV3-48*01 F;CARDGVGGPYW;;
UK-01-0491-H1;Homsap IGHV3-48*02 F;CARDGVGPPAW;;
UK-01-0534-H1;Homsap IGHV3-48*01 F;CATDGVGAPLW;;
UK-01-0536-H1;Homsap IGHV3-48*03 F;CARGTGAGQAW;;
UK-01-0624-H1;Homsap IGHV3-48*02 F;CTRSTGPLDYW;;
UK-01-0632-H1;Homsap IGHV3-23*01 F, or Homsap IGHV3-23D*01 F;CANGWNGPHYW;;
UK-01-0736-H1;Homsap IGHV3-23*01 F, or Homsap IGHV3-23D*01 F;CAKDSGGVLYW;;
UK-01-0770-H1;Homsap IGHV3-7*01 F;CTRDQGESDYW;;
UK-01-0809-H1;Homsap IGHV3-15*01 F;CTTDYYYMDVW;;
UK-01-0826-H1;Homsap IGHV3-48*04 F;CARDGVGAPVW;;
UK-02-0051-H1;Homsap IGHV3-23*01 F, or Homsap IGHV3-23*04 F or Homsap IGHV3-23D*01 F;CANGADYFDHW;;
UK-02-0094-H1;Homsap IGHV3-7*03 F;CRGWVGGMDVW;;
UK-02-0122-H1;Homsap IGHV4-34*01 F, or Homsap IGHV4-34*02 F;CARARRGISQW;;
UK-02-0206-H1;Homsap IGHV5-10-1*01 F, or Homsap IGHV5-10-1*03 F;CARDPYFFDYW;;
UK-03-0029-H1;Homsap IGHV3-23*01 F, or Homsap IGHV3-23D*01 F;CAKGTEAGTYW;;
UK-03-0152-H1;Homsap IGHV3-11*01 F;CTRDTAGADYW;;
UK-03-0244-H1;Homsap IGHV3-7*01 F;CARDRAVADYW;;
UK-03-0294-H1;Homsap IGHV3-48*03 F;CARDSRSGYDW;;
UK-03-0310-H1;Homsap IGHV4-38-2*02 F;CARGLYHGDYW;;
UK-03-0408-H1;Homsap IGHV3-48*02 F;CASDGVGSPIW;;
UK-03-0476-H1;Homsap IGHV3-30-3*01 F;CAREGGGLDHW;;
UK-03-0482-H1;Homsap IGHV3-7*01 F;CTRGYHSMDVW;;
US-01-0102-H1;Homsap IGHV3-7*03 F;CARGRGWVDPW;;
US-01-0569-H1;Homsap IGHV4-61*02 F;CARIGSYFDPW;;
US-01-0599-H1;Homsap IGHV4-59*01 F, or Homsap IGHV4-59*07 F;CAREVGSIDYW;;
US-01-0621-H1;Homsap IGHV3-49*03 F, or Homsap IGHV3-49*05 F;CSREGTGFDYW;;
US-01-0779-H1;Homsap IGHV3-74*01 F, or Homsap IGHV3-74*02 F;CVVNSNGVPNW;;
US-01-1011-H1;Homsap IGHV3-7*01 F;CVRGHYDDTDW;;
US-01-1150-H1;Homsap IGHV3-7*01 F;CATGGGAPAHW;;
US-01-1221-H1;Homsap IGHV4-31*03 F, or Homsap IGHV4-31*04 F;CARGGGGMDVW;;
US-01-1250-H1;Homsap IGHV3-21*01 F, or Homsap IGHV3-21*02 F;CARDESGYDSW;;
US-01-1304-H1;Homsap IGHV3-15*01 F, or Homsap IGHV3-15*02 F;CTTWHSNWHFW;;
US-01-1386-H1;Homsap IGHV1-46*01 F, or Homsap IGHV1-46*03 F;CVSYYGGYVYW;;
